{"loss": [0.7439510822296143, 0.6721603870391846, 0.6627718806266785, 0.666610062122345, 0.6653813719749451], "binary_accuracy": [0.5694444179534912, 0.6197916865348816, 0.6288288235664368, 0.5920138955116272, 0.5868055820465088], "val_loss": [0.6901271343231201, 0.6860891580581665, 0.6861247420310974, 0.6829039454460144, 0.7045592069625854], "val_binary_accuracy": [0.5529661178588867, 0.5529661178588867, 0.5529661178588867, 0.5529661178588867, 0.5529661178588867]}