{"loss": [1.4072166681289673, 0.6898832321166992, 0.6858857870101929, 0.6774815320968628, 0.7044181227684021, 0.6883753538131714], "binary_accuracy": [0.41874998807907104, 0.550000011920929, 0.5375000238418579, 0.612500011920929, 0.581250011920929, 0.606249988079071], "val_loss": [0.6926670074462891, 0.6931594014167786, 0.6926711797714233, 0.6918227672576904, 0.6914446353912354, 0.691278874874115], "val_binary_accuracy": [0.5, 0.5307692289352417, 0.5307692289352417, 0.5307692289352417, 0.5307692289352417, 0.5307692289352417]}