{"loss": [0.5735642910003662, 0.5636563301086426, 0.5528593063354492, 0.5452066659927368, 0.5395088195800781, 0.5442993640899658, 0.5355124473571777, 0.5404305458068848, 0.5368495583534241, 0.523021936416626, 0.5305327773094177, 0.5267431139945984, 0.5237532258033752, 0.5221924781799316, 0.5291861295700073, 0.5184903740882874, 0.522348165512085, 0.5150549411773682, 0.526430070400238, 0.52305668592453, 0.52239990234375, 0.5253417491912842, 0.5281982421875, 0.5184605717658997, 0.5164480209350586], "binary_accuracy": [0.6955860257148743, 0.7001522183418274, 0.7077625393867493, 0.7140682935714722, 0.7155903577804565, 0.7153729200363159, 0.7260273694992065, 0.7175472974777222, 0.7192867994308472, 0.7334203124046326, 0.7218960523605347, 0.7334203124046326, 0.7340726256370544, 0.7316808104515076, 0.7236355543136597, 0.7268971800804138, 0.7310284972190857, 0.7349423766136169, 0.7242878675460815, 0.7297238707542419, 0.7358121275901794, 0.7266797423362732, 0.7266797423362732, 0.7386388182640076, 0.7373341917991638], "val_loss": [0.6137323379516602, 0.6004959344863892, 0.6026486158370972, 0.6036123633384705, 0.5805829763412476, 0.5744060277938843, 0.5793692469596863, 0.5740613341331482, 0.5918095707893372, 0.567504346370697, 0.5885055065155029, 0.5726933479309082, 0.5633105039596558, 0.5640974640846252, 0.5876341462135315, 0.5615682005882263, 0.5557319521903992, 0.5770139098167419, 0.5582131743431091, 0.555931568145752, 0.5687075257301331, 0.5623689889907837, 0.5636729598045349, 0.5699223875999451, 0.5588994026184082], "val_binary_accuracy": [0.635108470916748, 0.6469427943229675, 0.668639063835144, 0.6607494950294495, 0.6804733872413635, 0.682445764541626, 0.6745561957359314, 0.6785010099411011, 0.6646943092346191, 0.6883628964424133, 0.672583818435669, 0.682445764541626, 0.6982248425483704, 0.6903353333473206, 0.6765285730361938, 0.6863905191421509, 0.6962524652481079, 0.6765285730361938, 0.7001972198486328, 0.6962524652481079, 0.6883628964424133, 0.6883628964424133, 0.6962524652481079, 0.6804733872413635, 0.7080867886543274]}