{"loss": [0.764739990234375, 0.6179540157318115, 0.6017943620681763, 0.5840684175491333, 0.5949996709823608], "binary_accuracy": [0.7035256624221802, 0.723437488079071, 0.7203124761581421, 0.7307692170143127, 0.714062511920929], "val_loss": [0.6052685976028442, 0.5872796177864075, 0.5864851474761963, 0.5804298520088196, 0.5723384022712708], "val_binary_accuracy": [0.7601410746574402, 0.7601410746574402, 0.7601410746574402, 0.7601410746574402, 0.7601410746574402]}