{"loss": [0.7954419851303101, 0.5944257378578186, 0.6135321259498596, 0.5605760216712952, 0.59116131067276], "binary_accuracy": [0.6546875238418579, 0.737864077091217, 0.723437488079071, 0.760937511920929, 0.7203124761581421], "val_loss": [0.6392810940742493, 0.6524959206581116, 0.6273212432861328, 0.6165432333946228, 0.6209694743156433], "val_binary_accuracy": [0.6894639730453491, 0.6894639730453491, 0.6894639730453491, 0.6894639730453491, 0.6894639730453491]}