{"loss": [0.5859276056289673, 0.544382631778717, 0.5320731997489929, 0.5170310139656067, 0.5044886469841003, 0.49588486552238464, 0.483585387468338, 0.47628602385520935, 0.4778851568698883, 0.47782400250434875, 0.4779343903064728, 0.4835652709007263, 0.47197937965393066, 0.46813616156578064], "binary_accuracy": [0.7089688777923584, 0.7437461614608765, 0.7388651371002197, 0.7480170726776123, 0.7663209438323975, 0.7785235047340393, 0.7773032188415527, 0.7901159524917603, 0.7766931056976318, 0.783404529094696, 0.7846247553825378, 0.7742525935173035, 0.7815741300582886, 0.7925564646720886], "val_loss": [0.503614604473114, 0.4901420474052429, 0.4908020794391632, 0.4870215654373169, 0.4825150668621063, 0.47532039880752563, 0.47143077850341797, 0.47260046005249023, 0.4665811061859131, 0.4668720066547394, 0.46375805139541626, 0.4611023962497711, 0.4618445038795471, 0.46002981066703796], "val_binary_accuracy": [0.7956989407539368, 0.8118279576301575, 0.8118279576301575, 0.7956989407539368, 0.8279569745063782, 0.8387096524238586, 0.8172042965888977, 0.8333333134651184, 0.8064516186714172, 0.8064516186714172, 0.8172042965888977, 0.8225806355476379, 0.8333333134651184, 0.8172042965888977]}