{"loss": [0.8776885271072388, 0.6815947890281677, 0.6800311207771301, 0.6728761196136475, 0.6506813168525696], "binary_accuracy": [0.5052083134651184, 0.6006944179534912, 0.5815972089767456, 0.59375, 0.6059027910232544], "val_loss": [0.6848676800727844, 0.6718505024909973, 0.6761706471443176, 0.6532710790634155, 0.6485036015510559], "val_binary_accuracy": [0.6275720000267029, 0.6275720000267029, 0.6275720000267029, 0.6275720000267029, 0.6275720000267029]}