{"loss": [0.7417417764663696, 0.6387588381767273, 0.6297944188117981, 0.6055673956871033, 0.5925748944282532], "binary_accuracy": [0.6085526347160339, 0.625, 0.6069079041481018, 0.6315789222717285, 0.6184210777282715], "val_loss": [0.6815729141235352, 0.6691688299179077, 0.6594119668006897, 0.6574128866195679, 0.6613789796829224], "val_binary_accuracy": [0.580777108669281, 0.580777108669281, 0.5725971460342407, 0.5746421217918396, 0.5501022338867188]}