{"loss": [0.7449966669082642, 0.6937719583511353, 0.6945916414260864, 0.6930331587791443, 0.6916195154190063, 0.6836038827896118], "binary_accuracy": [0.5, 0.5177083611488342, 0.4895833432674408, 0.4947916567325592, 0.5270833373069763, 0.5760416388511658], "val_loss": [0.6925803422927856, 0.6926108598709106, 0.6926055550575256, 0.693727970123291, 0.6953819990158081, 0.7049345374107361], "val_binary_accuracy": [0.5212264060974121, 0.5224056839942932, 0.5212264060974121, 0.4563679099082947, 0.5224056839942932, 0.46816039085388184]}