{"loss": [0.7496009469032288, 0.6731994152069092, 0.673122763633728, 0.6608280539512634, 0.6594037413597107], "binary_accuracy": [0.5857142806053162, 0.5714285969734192, 0.5678571462631226, 0.6028622388839722, 0.5966010689735413], "val_loss": [0.6786205768585205, 0.6782585978507996, 0.661131739616394, 0.6935564875602722, 0.6575990319252014], "val_binary_accuracy": [0.5679513216018677, 0.5679513216018677, 0.5679513216018677, 0.5679513216018677, 0.5679513216018677]}