{"loss": [0.6402005553245544, 0.5810798406600952, 0.5719049572944641, 0.5508542656898499, 0.5547884106636047, 0.5490899682044983, 0.5496570467948914, 0.5430048704147339, 0.5486022233963013, 0.5429108142852783, 0.5448319315910339, 0.5426788330078125, 0.5332992672920227], "binary_accuracy": [0.6892678141593933, 0.7269809246063232, 0.7279839515686035, 0.7380140423774719, 0.735406219959259, 0.735406219959259, 0.7420260906219482, 0.7468405365943909, 0.7402206659317017, 0.7500501275062561, 0.7402206659317017, 0.7414242625236511, 0.7530591487884521], "val_loss": [0.5420283675193787, 0.5208402276039124, 0.5239208340644836, 0.5074299573898315, 0.5018838047981262, 0.508106529712677, 0.5095160603523254, 0.4886940121650696, 0.49141383171081543, 0.4883236885070801, 0.4963860809803009, 0.49016091227531433, 0.49345314502716064], "val_binary_accuracy": [0.7616487741470337, 0.7670251131057739, 0.7688171863555908, 0.774193525314331, 0.7956989407539368, 0.7867383360862732, 0.7706093192100525, 0.7849462628364563, 0.7921146750450134, 0.7921146750450134, 0.7849462628364563, 0.7831541299819946, 0.7903226017951965]}