{"loss": [1.0175533294677734, 0.6788199543952942, 0.6839691996574402, 0.6852659583091736, 0.6928321123123169], "binary_accuracy": [0.5, 0.5874999761581421, 0.5625, 0.5625, 0.518750011920929], "val_loss": [0.6887925863265991, 0.6914584636688232, 0.6918534636497498, 0.6921718120574951, 0.6925668716430664], "val_binary_accuracy": [0.5416666865348816, 0.5416666865348816, 0.5416666865348816, 0.5416666865348816, 0.5416666865348816]}