{"loss": [0.6221089363098145, 0.5696083307266235, 0.5500568747520447, 0.5394781231880188, 0.5326585173606873, 0.5288201570510864, 0.5233674645423889, 0.5211266279220581, 0.523829996585846, 0.517599880695343, 0.5165597796440125, 0.5192608833312988, 0.5256704092025757, 0.5151685476303101, 0.5184820294380188, 0.5140769481658936, 0.5180721282958984], "binary_accuracy": [0.6579426527023315, 0.71244877576828, 0.7262175679206848, 0.7289485931396484, 0.740213930606842, 0.7407828569412231, 0.741351842880249, 0.7481793165206909, 0.7478379607200623, 0.7473828196525574, 0.7501137852668762, 0.7467000484466553, 0.7423759698867798, 0.75, 0.7514792680740356, 0.7520482540130615, 0.7448793649673462], "val_loss": [0.5400726199150085, 0.5043436884880066, 0.4835399389266968, 0.5048370361328125, 0.46463972330093384, 0.4677255153656006, 0.45706626772880554, 0.45035210251808167, 0.4477899372577667, 0.45191505551338196, 0.45991700887680054, 0.44351136684417725, 0.4616641402244568, 0.44705748558044434, 0.4444146752357483, 0.44504329562187195, 0.43921488523483276], "val_binary_accuracy": [0.726141095161438, 0.7510373592376709, 0.7707468867301941, 0.7385892271995544, 0.7883817553520203, 0.7842323780059814, 0.7852697372436523, 0.7852697372436523, 0.795643150806427, 0.795643150806427, 0.79356849193573, 0.7894191145896912, 0.7914937734603882, 0.7894191145896912, 0.7946057915687561, 0.79356849193573, 0.7914937734603882]}