{"loss": [0.7520755529403687, 0.6617290377616882, 0.6551440358161926, 0.648444414138794, 0.6446810960769653], "binary_accuracy": [0.5941765308380127, 0.6223214268684387, 0.6000000238418579, 0.5950864553451538, 0.6241071224212646], "val_loss": [0.6825049519538879, 0.6856826543807983, 0.6967750191688538, 0.6838086247444153, 0.6870597004890442], "val_binary_accuracy": [0.5786228179931641, 0.5786228179931641, 0.5786228179931641, 0.5786228179931641, 0.577595055103302]}