{"loss": [0.8421581983566284, 0.6932443976402283, 0.6931235194206238, 0.6931774616241455, 0.693145215511322], "binary_accuracy": [0.4833333194255829, 0.4802083373069763, 0.5142857432365417, 0.5010416507720947, 0.5010416507720947], "val_loss": [0.693677544593811, 0.6931513547897339, 0.6934741139411926, 0.693608820438385, 0.6935451030731201], "val_binary_accuracy": [0.4429928660392761, 0.4370546340942383, 0.4429928660392761, 0.4429928660392761, 0.4429928660392761]}