{"loss": [0.8066966533660889, 0.638264000415802, 0.6652166247367859, 0.6132814884185791, 0.6386672854423523, 0.6423241496086121, 0.6324823498725891, 0.6140643358230591, 0.6126849055290222, 0.606571614742279, 0.6255257725715637, 0.6357436180114746, 0.6099836826324463, 0.6256169080734253, 0.5867998600006104, 0.5972864031791687, 0.6001923680305481, 0.6173328757286072, 0.5698906183242798, 0.6059051156044006], "binary_accuracy": [0.5607638955116272, 0.609375, 0.5954861044883728, 0.6319444179534912, 0.6163194179534912, 0.6128472089767456, 0.6319444179534912, 0.6336805820465088, 0.6402116417884827, 0.6440972089767456, 0.6510416865348816, 0.6319444179534912, 0.65625, 0.6366842985153198, 0.6510416865348816, 0.6490299701690674, 0.6493055820465088, 0.6024305820465088, 0.6371527910232544, 0.6366842985153198], "val_loss": [0.6467874050140381, 0.6410374045372009, 0.6263214945793152, 0.6114580631256104, 0.6075489521026611, 0.6069887280464172, 0.5973540544509888, 0.587685763835907, 0.5938221216201782, 0.5952388048171997, 0.5955042839050293, 0.5977747440338135, 0.5835902690887451, 0.5873255729675293, 0.5766661763191223, 0.5876835584640503, 0.5954363942146301, 0.5896483659744263, 0.5798127055168152, 0.581382691860199], "val_binary_accuracy": [0.6331360936164856, 0.6331360936164856, 0.6331360936164856, 0.6331360936164856, 0.6410256624221802, 0.635108470916748, 0.6469427943229675, 0.64891517162323, 0.6508875489234924, 0.6804733872413635, 0.6646943092346191, 0.6745561957359314, 0.6883628964424133, 0.6844181418418884, 0.6903353333473206, 0.6982248425483704, 0.6627218723297119, 0.6765285730361938, 0.6666666865348816, 0.6863905191421509]}