{"loss": [0.6694316267967224, 0.6336517930030823, 0.6102895140647888, 0.6103166341781616, 0.5990464687347412, 0.5970727205276489, 0.5949702262878418, 0.5947829484939575, 0.5942239165306091, 0.5869840383529663, 0.5899009704589844, 0.5947532653808594, 0.5947491526603699, 0.5837833285331726, 0.5890600085258484, 0.589555025100708, 0.5912286639213562, 0.5901437401771545, 0.586560845375061, 0.587402880191803, 0.5817651152610779, 0.5903509259223938, 0.5855233073234558, 0.5851747989654541], "binary_accuracy": [0.6262920498847961, 0.6469652652740479, 0.6644579768180847, 0.6718791127204895, 0.6799628734588623, 0.6795653104782104, 0.680757999420166, 0.6824808120727539, 0.6806254982948303, 0.6900344491004944, 0.6888417601585388, 0.6855287551879883, 0.6859263181686401, 0.6880466341972351, 0.6864563822746277, 0.6897693872451782, 0.6899019479751587, 0.6831433773040771, 0.6916247010231018, 0.6904320120811462, 0.6936125159263611, 0.6924198269844055, 0.6940100789070129, 0.6966604590415955], "val_loss": [0.640850841999054, 0.6525252461433411, 0.6292300820350647, 0.6150720715522766, 0.6209134459495544, 0.6050295829772949, 0.6039531826972961, 0.6172385811805725, 0.6051123738288879, 0.6234588027000427, 0.5985010266304016, 0.5968684554100037, 0.5961740612983704, 0.5985738635063171, 0.5950323939323425, 0.5909454822540283, 0.6093897819519043, 0.5960842967033386, 0.6015521883964539, 0.5980432033538818, 0.5960352420806885, 0.6046852469444275, 0.5968592762947083, 0.596178412437439], "val_binary_accuracy": [0.6422569155693054, 0.6158463358879089, 0.6422569155693054, 0.6722689270973206, 0.6578631401062012, 0.6782712936401367, 0.6758703589439392, 0.651860773563385, 0.6758703589439392, 0.6446578502655029, 0.6866746544837952, 0.6842737197875977, 0.691476583480835, 0.680672287940979, 0.691476583480835, 0.6974790096282959, 0.6602641344070435, 0.6938775777816772, 0.6866746544837952, 0.6926770806312561, 0.6926770806312561, 0.6782712936401367, 0.6854742169380188, 0.6854742169380188]}