{"loss": [0.6734420657157898, 0.6297804117202759, 0.602096438407898, 0.583562970161438, 0.5590260028839111, 0.5599493980407715, 0.5529919862747192, 0.5436477065086365, 0.5377063751220703, 0.5214653611183167, 0.5354802012443542, 0.5246478319168091, 0.5212138891220093, 0.5136768817901611, 0.5056197047233582, 0.5076866745948792, 0.49160072207450867, 0.5118060111999512, 0.5044348835945129], "binary_accuracy": [0.6192139983177185, 0.6724891066551208, 0.6847161650657654, 0.7179039120674133, 0.7152838706970215, 0.7152838706970215, 0.7432314157485962, 0.727510929107666, 0.7475982308387756, 0.7458515167236328, 0.7397379875183105, 0.7572052478790283, 0.7502183318138123, 0.7668122053146362, 0.7589519619941711, 0.7711790204048157, 0.7764192223548889, 0.751091718673706, 0.7764192223548889], "val_loss": [0.6053285002708435, 0.6366496682167053, 0.5903543829917908, 0.5854564309120178, 0.5592333674430847, 0.5782749652862549, 0.5530106425285339, 0.6244261860847473, 0.5913389921188354, 0.5774616599082947, 0.5562862753868103, 0.5636786222457886, 0.5763837099075317, 0.614258348941803, 0.5630398392677307, 0.5838889479637146, 0.5700666308403015, 0.5848383903503418, 0.5818917751312256], "val_binary_accuracy": [0.6692913174629211, 0.6299212574958801, 0.7165354490280151, 0.6929134130477905, 0.7244094610214233, 0.7007874250411987, 0.7401574850082397, 0.6614173054695129, 0.6850393414497375, 0.7007874250411987, 0.748031497001648, 0.7322834730148315, 0.7007874250411987, 0.6850393414497375, 0.7322834730148315, 0.6929134130477905, 0.7086614370346069, 0.6929134130477905, 0.7007874250411987]}