{"loss": [0.5968672037124634, 0.5766389966011047, 0.570950984954834, 0.5625941753387451, 0.5512097477912903, 0.5559405088424683, 0.5472151041030884, 0.5437632203102112, 0.5317749381065369, 0.5582101941108704, 0.5449914336204529, 0.535489559173584, 0.5433750152587891, 0.533889651298523, 0.5331758856773376, 0.5346868634223938, 0.5363593697547913, 0.5311746001243591, 0.5371500849723816, 0.5356360673904419, 0.5254162549972534, 0.5341268181800842, 0.5413490533828735, 0.5294557809829712, 0.5312062501907349], "binary_accuracy": [0.6905940771102905, 0.702745258808136, 0.7101710438728333, 0.7126462459564209, 0.7223222255706787, 0.7200720310211182, 0.723447322845459, 0.734698474407196, 0.7407740950584412, 0.7205220460891724, 0.7268226742744446, 0.7308731079101562, 0.7313231229782104, 0.7317731976509094, 0.7380738258361816, 0.7335733771324158, 0.7367236614227295, 0.744599461555481, 0.7304230332374573, 0.7405490279197693, 0.7430242896080017, 0.7317731976509094, 0.7331233024597168, 0.7412241101264954, 0.744599461555481], "val_loss": [0.5128506422042847, 0.5297073125839233, 0.5051606893539429, 0.5382167100906372, 0.49672824144363403, 0.5072527527809143, 0.4926801323890686, 0.5404009222984314, 0.49191758036613464, 0.5041205286979675, 0.5236772894859314, 0.48783543705940247, 0.48891496658325195, 0.49327343702316284, 0.49320530891418457, 0.48422953486442566, 0.48589909076690674, 0.4979960322380066, 0.49751731753349304, 0.49062204360961914, 0.4842776656150818, 0.4811001420021057, 0.4926370084285736, 0.4814120829105377, 0.4980291724205017], "val_binary_accuracy": [0.7802874445915222, 0.7659137845039368, 0.7802874445915222, 0.7597535848617554, 0.7885010242462158, 0.790554404258728, 0.7864476442337036, 0.7618069648742676, 0.7967146039009094, 0.7843942642211914, 0.7864476442337036, 0.7946611642837524, 0.8008213639259338, 0.8008213639259338, 0.7987679839134216, 0.7967146039009094, 0.7946611642837524, 0.790554404258728, 0.7926077842712402, 0.7987679839134216, 0.8110883235931396, 0.8090348839759827, 0.8008213639259338, 0.8049281239509583, 0.7885010242462158]}