{"loss": [1.1471688747406006, 0.6893941760063171, 0.6677956581115723, 0.6838544607162476, 0.6698659062385559], "binary_accuracy": [0.4107142984867096, 0.59375, 0.6026785969734192, 0.6299999952316284, 0.625], "val_loss": [0.6840667128562927, 0.6782256960868835, 0.6649360656738281, 0.6710330247879028, 0.6671285033226013], "val_binary_accuracy": [0.6432432532310486, 0.6432432532310486, 0.6432432532310486, 0.6432432532310486, 0.6432432532310486]}