{"loss": [0.8715238571166992, 0.6875582933425903, 0.6643142104148865, 0.6578238606452942, 0.6518937945365906], "binary_accuracy": [0.5758928656578064, 0.5892857313156128, 0.65625, 0.625, 0.6383928656578064], "val_loss": [0.6752166152000427, 0.6811692118644714, 0.6579627990722656, 0.6392647624015808, 0.6101828217506409], "val_binary_accuracy": [0.6813187003135681, 0.6813187003135681, 0.6813187003135681, 0.6813187003135681, 0.6813187003135681]}