{"loss": [1.8744475841522217, 1.4191782474517822, 1.258019208908081, 1.169636607170105, 1.1185932159423828, 1.092507004737854, 1.0452609062194824, 1.0275167226791382, 1.0099323987960815, 1.0195283889770508, 1.0022262334823608, 0.9789100885391235, 0.9817250370979309, 0.9601604342460632, 0.942594051361084, 0.9177315831184387, 0.9516927003860474, 0.935076892375946, 0.8927498459815979, 0.9467287063598633, 0.9350142478942871, 0.8976089954376221, 0.8996223211288452, 0.8813295364379883, 0.8652571439743042, 0.8587283492088318, 0.8973405361175537, 0.8799618482589722, 0.8970167636871338], "accuracy": [0.3935096263885498, 0.5237980484962463, 0.5584134459495544, 0.5850961804389954, 0.6014423370361328, 0.6084134578704834, 0.6127403974533081, 0.6127403974533081, 0.6245192289352417, 0.6191391944885254, 0.6257211565971375, 0.6329326629638672, 0.6377403736114502, 0.6379807591438293, 0.6444711685180664, 0.6533653736114502, 0.6346153616905212, 0.6435096263885498, 0.6614570617675781, 0.6311613321304321, 0.6408653855323792, 0.6605769395828247, 0.6499999761581421, 0.6584134697914124, 0.6685096025466919, 0.6747596263885498, 0.6533653736114502, 0.6634615659713745, 0.6532820463180542], "val_loss": [1.5205084085464478, 1.2335007190704346, 1.2285717725753784, 1.1503632068634033, 1.070579171180725, 1.0488947629928589, 1.0505658388137817, 1.0654834508895874, 1.0218663215637207, 1.0399909019470215, 1.0082672834396362, 0.9747263789176941, 0.9617146253585815, 0.9524676203727722, 0.8997074961662292, 0.9312063455581665, 0.9373763203620911, 0.9891903400421143, 0.9058856964111328, 0.9481726288795471, 0.8785821199417114, 0.932012140750885, 0.8773060441017151, 0.9160779714584351, 0.8477997183799744, 0.8956233263015747, 0.8757802248001099, 0.8672832250595093, 0.8785257339477539], "val_accuracy": [0.46666666865348816, 0.5677083134651184, 0.5406249761581421, 0.5927083492279053, 0.6270833611488342, 0.6260416507720947, 0.5979166626930237, 0.6031249761581421, 0.6135416626930237, 0.6072916388511658, 0.6260416507720947, 0.6604166626930237, 0.625, 0.6510416865348816, 0.6395833492279053, 0.6291666626930237, 0.6614583134651184, 0.628125011920929, 0.6520833373069763, 0.6395833492279053, 0.6781250238418579, 0.6343749761581421, 0.6552083492279053, 0.6541666388511658, 0.6677083373069763, 0.6625000238418579, 0.6468750238418579, 0.6760416626930237, 0.65625]}