{"loss": [0.6523041129112244, 0.6070920825004578, 0.594832181930542, 0.5921744704246521, 0.5909908413887024, 0.5905249714851379, 0.5804405808448792, 0.5890284180641174, 0.5765699744224548, 0.5837861895561218, 0.5761948823928833, 0.57918381690979, 0.5710799694061279, 0.5753902792930603, 0.5802375674247742, 0.5786722302436829, 0.5764399170875549, 0.5704488754272461, 0.5680913329124451, 0.5807069540023804, 0.5767335295677185, 0.5737068057060242, 0.5722357034683228, 0.5774446129798889, 0.5763527750968933, 0.5751422047615051, 0.5710983872413635, 0.568126916885376], "binary_accuracy": [0.6142649054527283, 0.6734153628349304, 0.6826782822608948, 0.6881037354469299, 0.6911472678184509, 0.685457170009613, 0.6937938332557678, 0.6833399534225464, 0.6955140829086304, 0.691544234752655, 0.7035861015319824, 0.7008072137832642, 0.7035861015319824, 0.7046446800231934, 0.7008072137832642, 0.7076882123947144, 0.7027921080589294, 0.7023951411247253, 0.706497311592102, 0.6997485756874084, 0.7055709958076477, 0.7005425691604614, 0.709540843963623, 0.7041153907775879, 0.702262818813324, 0.7050417065620422, 0.7086145281791687, 0.7057033181190491], "val_loss": [0.6171764135360718, 0.601969838142395, 0.6248289346694946, 0.6045154929161072, 0.62406986951828, 0.6207773685455322, 0.5982027649879456, 0.5879846811294556, 0.608224093914032, 0.6127914786338806, 0.5952880382537842, 0.6006894707679749, 0.5952531099319458, 0.620181679725647, 0.5916966199874878, 0.5916860699653625, 0.6014296412467957, 0.6260870695114136, 0.5930756330490112, 0.5936751961708069, 0.6110672950744629, 0.5962062478065491, 0.5971272587776184, 0.5950300097465515, 0.5967250466346741, 0.5980061292648315, 0.5977937579154968, 0.6120559573173523], "val_binary_accuracy": [0.672749400138855, 0.7031630277633667, 0.6496350169181824, 0.6934306621551514, 0.6411192417144775, 0.6423357725143433, 0.6897810101509094, 0.7104622721672058, 0.6666666865348816, 0.6605839133262634, 0.7031630277633667, 0.683698296546936, 0.7092457413673401, 0.6532846689224243, 0.6885644793510437, 0.7068126797676086, 0.6763990521430969, 0.6484184861183167, 0.6995133757591248, 0.7092457413673401, 0.6642335653305054, 0.6922141313552856, 0.683698296546936, 0.6922141313552856, 0.7007299065589905, 0.6885644793510437, 0.701946496963501, 0.672749400138855]}