{"loss": [0.6590871810913086, 0.6492454409599304, 0.6085444688796997, 0.5887336730957031, 0.5981303453445435, 0.5993549227714539, 0.5986407995223999, 0.5927981734275818, 0.5938523411750793, 0.5699876546859741, 0.5658065676689148, 0.5829038619995117, 0.6000150442123413, 0.5585637092590332, 0.5704953074455261, 0.5769968628883362], "binary_accuracy": [0.6962025165557861, 0.690625011920929, 0.729687511920929, 0.7359374761581421, 0.737500011920929, 0.729687511920929, 0.7124999761581421, 0.7278481125831604, 0.714062511920929, 0.7437499761581421, 0.739062488079071, 0.7109375, 0.7124999761581421, 0.737500011920929, 0.7373417615890503, 0.721875011920929], "val_loss": [0.6064751744270325, 0.5944797992706299, 0.5867394804954529, 0.618554413318634, 0.579148530960083, 0.5611644387245178, 0.5736589431762695, 0.6194280982017517, 0.5945844650268555, 0.5954998731613159, 0.5831482410430908, 0.5790929198265076, 0.5674012899398804, 0.5705577731132507, 0.5592489242553711, 0.6060806512832642], "val_binary_accuracy": [0.7083333134651184, 0.7152777910232544, 0.7291666865348816, 0.71875, 0.7291666865348816, 0.7465277910232544, 0.7291666865348816, 0.6736111044883728, 0.7048611044883728, 0.7013888955116272, 0.7118055820465088, 0.7326388955116272, 0.7326388955116272, 0.7256944179534912, 0.7361111044883728, 0.6944444179534912]}