{"loss": [2.01482892036438, 1.5863631963729858, 1.4328852891921997, 1.3488603830337524, 1.294628620147705, 1.2505576610565186, 1.2118252515792847, 1.179771900177002, 1.1614679098129272, 1.1321940422058105, 1.1106382608413696, 1.089836597442627, 1.0701442956924438, 1.0575335025787354, 1.038400411605835, 1.0261367559432983, 1.0127160549163818, 1.00344717502594, 0.9928516745567322, 0.9839038252830505, 0.9711573123931885, 0.960503339767456, 0.9453165531158447, 0.9399535655975342, 0.9351838231086731, 0.9247193932533264, 0.9170287251472473, 0.9110062718391418, 0.9030249118804932, 0.895694375038147, 0.887131929397583, 0.8815768957138062, 0.88011234998703, 0.8703303933143616], "accuracy": [0.29706016182899475, 0.40823155641555786, 0.449479877948761, 0.4668777287006378, 0.48385345935821533, 0.4952208697795868, 0.5059249401092529, 0.5183476805686951, 0.5238052010536194, 0.5316749811172485, 0.541233241558075, 0.5431026816368103, 0.555163562297821, 0.556761622428894, 0.5681592226028442, 0.5727725028991699, 0.5755163431167603, 0.5800995230674744, 0.58055180311203, 0.5920398235321045, 0.5950248837471008, 0.5957787036895752, 0.6053369641304016, 0.6084426641464233, 0.6066938042640686, 0.61175936460495, 0.618573784828186, 0.6161314845085144, 0.6229157447814941, 0.6249359250068665, 0.6242725849151611, 0.6275290250778198, 0.6302728652954102, 0.6332278251647949], "val_loss": [1.6979976892471313, 1.4369478225708008, 1.3096559047698975, 1.2782343626022339, 1.2437524795532227, 1.2219537496566772, 1.1233736276626587, 1.157092809677124, 1.1578991413116455, 1.0452622175216675, 1.03147554397583, 1.0388182401657104, 1.047574758529663, 1.0174776315689087, 1.0203278064727783, 1.0066217184066772, 1.0070347785949707, 0.9518963694572449, 0.9311403632164001, 1.0306072235107422, 1.0118173360824585, 0.9965950846672058, 1.0457746982574463, 0.9616268277168274, 0.9287314414978027, 0.9028399586677551, 0.948783278465271, 0.9406871199607849, 0.9883638620376587, 0.9418363571166992, 0.9513311982154846, 0.9848429560661316, 0.927673876285553, 0.9137692451477051], "val_accuracy": [0.38704365491867065, 0.44880592823028564, 0.4795498251914978, 0.4844908118247986, 0.49135327339172363, 0.48174580931663513, 0.5199011564254761, 0.5177052021026611, 0.5155091881752014, 0.5484490990638733, 0.5448805689811707, 0.5520175695419312, 0.5594290494918823, 0.5503705739974976, 0.567938506603241, 0.5662915110588074, 0.5698599815368652, 0.5769969820976257, 0.589898407459259, 0.5651935338973999, 0.5731539726257324, 0.5726050138473511, 0.5687620043754578, 0.5929179191589355, 0.6027998924255371, 0.598133385181427, 0.5967609286308289, 0.6008784174919128, 0.5890749096870422, 0.6069173812866211, 0.594015896320343, 0.5819379687309265, 0.608289897441864, 0.6080153584480286]}