{"loss": [0.6812280416488647, 0.6591680645942688, 0.6565770506858826, 0.6577864289283752, 0.6552507877349854, 0.6523451209068298, 0.6462457776069641, 0.6513398885726929, 0.6481199264526367, 0.6461316347122192, 0.6439492106437683, 0.6408923864364624, 0.6392991542816162, 0.6356253623962402, 0.6347054839134216, 0.6355460286140442, 0.6325259208679199, 0.6294036507606506, 0.6244202256202698, 0.6255791783332825, 0.6242079138755798, 0.6148978471755981, 0.6146402359008789, 0.6109248399734497, 0.6148049831390381, 0.6064240336418152, 0.609322726726532, 0.6081917881965637, 0.6035746335983276, 0.5975446105003357, 0.6053471565246582, 0.5926321148872375, 0.585475742816925, 0.5909539461135864, 0.5895550847053528, 0.5866010189056396, 0.5850967168807983, 0.5821259617805481, 0.5787027478218079, 0.5820392966270447, 0.5828855633735657, 0.5709611177444458, 0.5720542073249817, 0.572720468044281, 0.5634216070175171, 0.5639985203742981, 0.5607088804244995, 0.5563198924064636, 0.5578274130821228, 0.5515252947807312, 0.5519413352012634, 0.541854202747345, 0.5447815656661987, 0.5412584543228149, 0.5446568727493286, 0.54209965467453, 0.5354752540588379, 0.5323148965835571, 0.5271020531654358, 0.5194156765937805, 0.5127860903739929, 0.5197126269340515, 0.5264553427696228, 0.5103952288627625, 0.5072533488273621, 0.5160441994667053, 0.5013847947120667, 0.5041845440864563, 0.501408576965332, 0.5001919269561768, 0.4917507469654083, 0.5014235973358154, 0.48998886346817017, 0.4895537495613098, 0.4907568693161011, 0.4879446029663086, 0.48590368032455444, 0.4803488850593567, 0.4818327724933624, 0.47269514203071594, 0.4705303907394409, 0.48060956597328186, 0.4703255891799927, 0.4665431082248688, 0.4622892141342163, 0.45418277382850647, 0.47122371196746826, 0.4597020149230957, 0.4641103446483612, 0.46512678265571594, 0.460683137178421, 0.4528399705886841, 0.4570719003677368], "binary_accuracy": [0.5904590487480164, 0.5936093330383301, 0.5990098714828491, 0.5949594974517822, 0.6019352078437805, 0.6068856716156006, 0.615211546421051, 0.6030603051185608, 0.6167866587638855, 0.6197119951248169, 0.6217371821403503, 0.6262376308441162, 0.6278128027915955, 0.619486927986145, 0.6271377205848694, 0.6264626383781433, 0.6296129822731018, 0.6275877356529236, 0.6379387974739075, 0.6428892612457275, 0.6392889022827148, 0.651890218257904, 0.6494149565696716, 0.6476147770881653, 0.6494149565696716, 0.6608911156654358, 0.6471647024154663, 0.656165599822998, 0.6554905772209167, 0.6685418486595154, 0.6593159437179565, 0.6674167513847351, 0.6662916541099548, 0.6716921925544739, 0.6665166616439819, 0.6806930899620056, 0.6752925515174866, 0.6761926412582397, 0.6876687407493591, 0.6770927309989929, 0.6802430152893066, 0.6851935386657715, 0.6894689202308655, 0.6827182769775391, 0.6944194436073303, 0.6966696381568909, 0.6919441819190979, 0.7054455280303955, 0.7013951539993286, 0.7045454382896423, 0.7043204307556152, 0.703195333480835, 0.7056705951690674, 0.7142214179039001, 0.713321328163147, 0.7054455280303955, 0.7144464254379272, 0.7250224947929382, 0.7155715823173523, 0.7310981154441833, 0.7342483997344971, 0.7349234819412231, 0.7229973077774048, 0.7387488484382629, 0.7403240203857422, 0.734473466873169, 0.7304230332374573, 0.7376237511634827, 0.7423492074012756, 0.7412241101264954, 0.7414491176605225, 0.7477497458457947, 0.7540504336357117, 0.7468496561050415, 0.7522502541542053, 0.7527002692222595, 0.750450074672699, 0.7596759796142578, 0.760125994682312, 0.7563006281852722, 0.7682268023490906, 0.7603510618209839, 0.760125994682312, 0.7511250972747803, 0.7677767872810364, 0.7770026922225952, 0.7639514207839966, 0.7677767872810364, 0.7704770565032959, 0.7666516900062561, 0.7635013461112976, 0.771152138710022, 0.7738524079322815], "val_loss": [0.6426881551742554, 0.6606393456459045, 0.6561746597290039, 0.6562727093696594, 0.6463791131973267, 0.6480576395988464, 0.6534779071807861, 0.6573457717895508, 0.6417177319526672, 0.6518163681030273, 0.6296334266662598, 0.6411722898483276, 0.6425114274024963, 0.6387720108032227, 0.6386526823043823, 0.6487846374511719, 0.6220987439155579, 0.641417384147644, 0.6133671998977661, 0.6322729587554932, 0.6291517019271851, 0.6532045006752014, 0.6130033135414124, 0.6353235840797424, 0.6242604851722717, 0.6604439616203308, 0.6105019450187683, 0.6087971925735474, 0.6431490778923035, 0.6113457679748535, 0.6377804279327393, 0.6086142063140869, 0.6049635410308838, 0.616283655166626, 0.6071606278419495, 0.6978245973587036, 0.6395749449729919, 0.616081953048706, 0.6723805665969849, 0.6218358278274536, 0.5912904143333435, 0.6109959483146667, 0.6588051319122314, 0.6137326955795288, 0.7206606268882751, 0.5873678922653198, 0.6444743275642395, 0.6028759479522705, 0.6336010098457336, 0.6020308136940002, 0.6129131317138672, 0.6193756461143494, 0.6135226488113403, 0.6115513443946838, 0.6004633903503418, 0.6301602721214294, 0.6666988134384155, 0.6064972877502441, 0.6196601390838623, 0.6209726929664612, 0.5762097835540771, 0.6214806437492371, 0.6427172422409058, 0.6534010171890259, 0.6165356040000916, 0.6022970080375671, 0.5848814249038696, 0.5983579158782959, 0.603992223739624, 0.61164391040802, 0.5954849123954773, 0.5943362712860107, 0.5602030158042908, 0.6791280508041382, 0.6152399182319641, 0.6698888540267944, 0.6316016316413879, 0.6660067439079285, 0.6045739054679871, 0.6094198822975159, 0.5871456265449524, 0.5734384059906006, 0.6453642845153809, 0.6254558563232422, 0.6429013609886169, 0.6455476880073547, 0.5831625461578369, 0.6382278203964233, 0.6122424006462097, 0.6125627756118774, 0.6752297878265381, 0.6248520612716675, 0.5921248197555542], "val_binary_accuracy": [0.5995893478393555, 0.6036961078643799, 0.6057494878768921, 0.6016427278518677, 0.6119096279144287, 0.6098562479019165, 0.6160164475440979, 0.5934291481971741, 0.6262833476066589, 0.6242299675941467, 0.6303901672363281, 0.5913757681846619, 0.6201232075691223, 0.6201232075691223, 0.6119096279144287, 0.6242299675941467, 0.6283367276191711, 0.6098562479019165, 0.6427104473114014, 0.6365503072738647, 0.6160164475440979, 0.6139630675315857, 0.650924026966095, 0.6119096279144287, 0.6221765875816345, 0.6201232075691223, 0.6550307869911194, 0.6529774069786072, 0.6283367276191711, 0.6673511266708374, 0.6221765875816345, 0.6611909866333008, 0.6591376066207886, 0.650924026966095, 0.6652977466583252, 0.638603687286377, 0.6488706469535828, 0.6611909866333008, 0.6283367276191711, 0.650924026966095, 0.6960985660552979, 0.6570841670036316, 0.6365503072738647, 0.673511266708374, 0.6242299675941467, 0.6899384260177612, 0.638603687286377, 0.7043120861053467, 0.6468172669410706, 0.7145790457725525, 0.6591376066207886, 0.6611909866333008, 0.663244366645813, 0.6796714663505554, 0.6652977466583252, 0.6652977466583252, 0.6611909866333008, 0.7022587060928345, 0.6776180863380432, 0.675564706325531, 0.7043120861053467, 0.6837782263755798, 0.6776180863380432, 0.6673511266708374, 0.6940451860427856, 0.6981519460678101, 0.7207392454147339, 0.7104722857475281, 0.6960985660552979, 0.7166324257850647, 0.7392197251319885, 0.7433264851570129, 0.7351129651069641, 0.675564706325531, 0.7227926254272461, 0.6796714663505554, 0.7084189057350159, 0.6878849864006042, 0.7289527654647827, 0.7207392454147339, 0.7371663451194763, 0.755646824836731, 0.7186858057975769, 0.7351129651069641, 0.7268993854522705, 0.7310061454772949, 0.7289527654647827, 0.7289527654647827, 0.7248460054397583, 0.7330595254898071, 0.7166324257850647, 0.7289527654647827, 0.7330595254898071]}