{"loss": [0.7443220019340515, 0.7342167496681213, 0.7503881454467773, 0.702202320098877, 0.7144112586975098, 0.7100878953933716], "binary_accuracy": [0.5267857313156128, 0.4859813153743744, 0.4866071343421936, 0.5560747385025024, 0.53125, 0.5089285969734192], "val_loss": [0.7237870097160339, 0.6813037991523743, 0.6895250678062439, 0.6993312835693359, 0.6974501609802246, 0.7016284465789795], "val_binary_accuracy": [0.4479166567325592, 0.59375, 0.6041666865348816, 0.5416666865348816, 0.5416666865348816, 0.5416666865348816]}