{"loss": [0.6799021363258362, 0.6512401700019836, 0.6512197852134705, 0.6486243009567261, 0.6460058689117432, 0.6440970301628113, 0.6435347199440002, 0.642232358455658, 0.636566698551178, 0.6344085931777954, 0.6296627521514893, 0.6234422922134399, 0.6205840110778809, 0.6191948056221008, 0.6093388795852661, 0.6062198877334595, 0.6018638014793396, 0.6040542721748352, 0.5964056253433228, 0.5953528881072998, 0.5926551818847656, 0.584622323513031], "binary_accuracy": [0.5803248882293701, 0.6078519821166992, 0.6103339195251465, 0.6207129955291748, 0.6180053949356079, 0.624097466468811, 0.6324458718299866, 0.6308664083480835, 0.6351534128189087, 0.6489169597625732, 0.640117347240448, 0.6435018181800842, 0.6439530849456787, 0.6437274217605591, 0.6547833681106567, 0.6629061102867126, 0.6665162444114685, 0.6622292399406433, 0.6739621162414551, 0.6653881072998047, 0.6708032488822937, 0.6789259910583496], "val_loss": [0.66048663854599, 0.65427565574646, 0.6579291820526123, 0.6679559350013733, 0.6549197435379028, 0.6555449962615967, 0.7095208764076233, 0.6586928963661194, 0.6629728674888611, 0.6694412231445312, 0.6606858968734741, 0.686008632183075, 0.6648522615432739, 0.6659830212593079, 0.6672546863555908, 0.6833919882774353, 0.7039130330085754, 0.6907100677490234, 0.6849664449691772, 0.6542925238609314, 0.6843721866607666, 0.7150276899337769], "val_binary_accuracy": [0.6192384958267212, 0.6292585134506226, 0.6112224459648132, 0.6052104234695435, 0.617234468460083, 0.5911823511123657, 0.6072144508361816, 0.6112224459648132, 0.5711422562599182, 0.5931863784790039, 0.6032063961029053, 0.6212424635887146, 0.5891783833503723, 0.6012024283409119, 0.5931863784790039, 0.5971943736076355, 0.6052104234695435, 0.617234468460083, 0.6012024283409119, 0.5891783833503723, 0.5911823511123657, 0.6152304410934448]}