{"loss": [0.7178396582603455, 0.6917200088500977], "binary_accuracy": [0.5035704970359802, 0.5219518542289734], "val_loss": [0.6930142045021057, 0.7043786644935608], "val_binary_accuracy": [0.5042839646339417, 0.4944920539855957]}