{"loss": [0.7511915564537048, 0.7324193716049194, 0.6752097010612488, 0.66587895154953, 0.6599850654602051, 0.6588695645332336, 0.6109082698822021, 0.6195298433303833, 0.6249678134918213, 0.5945570468902588, 0.590607762336731, 0.6034479737281799, 0.5852032899856567, 0.6082237958908081, 0.5909571647644043, 0.6043946743011475, 0.586754322052002, 0.5737959146499634, 0.5924899578094482, 0.5608689785003662], "binary_accuracy": [0.5243055820465088, 0.5173611044883728, 0.609375, 0.5972222089767456, 0.6180555820465088, 0.6122807264328003, 0.6753472089767456, 0.6527777910232544, 0.6614583134651184, 0.6996527910232544, 0.7118055820465088, 0.6875, 0.7204861044883728, 0.6770833134651184, 0.7083333134651184, 0.6859649419784546, 0.7017543911933899, 0.7170138955116272, 0.6822916865348816, 0.7239583134651184], "val_loss": [0.6818100214004517, 0.6518614888191223, 0.6232261061668396, 0.6198708415031433, 0.6033158302307129, 0.5985825061798096, 0.5638585090637207, 0.5821174383163452, 0.5684515237808228, 0.5823008418083191, 0.5647590756416321, 0.5889120101928711, 0.5341863036155701, 0.542442798614502, 0.5700553059577942, 0.5666451454162598, 0.5309879779815674, 0.5590053796768188, 0.5667901635169983, 0.5581870079040527], "val_binary_accuracy": [0.5703125, 0.66015625, 0.6328125, 0.70703125, 0.69140625, 0.68359375, 0.73828125, 0.7421875, 0.74609375, 0.70703125, 0.734375, 0.6953125, 0.76171875, 0.75, 0.76171875, 0.73046875, 0.7578125, 0.71484375, 0.71875, 0.73046875]}