{"loss": [0.6029857397079468, 0.5892863869667053, 0.585050642490387, 0.583061695098877, 0.5919269323348999, 0.5813063383102417, 0.5787817239761353, 0.5816346406936646, 0.5831702351570129, 0.5795691013336182, 0.578315258026123, 0.5752373337745667, 0.5771064758300781, 0.5760830044746399, 0.5786375403404236, 0.5764821171760559, 0.5819340348243713, 0.5783880352973938, 0.5771791934967041, 0.5757148861885071, 0.578304648399353, 0.5820115804672241, 0.5745880007743835, 0.5797674059867859, 0.5791401863098145, 0.5752802491188049, 0.5760838985443115, 0.576501190662384], "binary_accuracy": [0.7265077233314514, 0.7323181629180908, 0.7327188849449158, 0.7331196069717407, 0.730715274810791, 0.7329192757606506, 0.7331196069717407, 0.7333199977874756, 0.7329192757606506, 0.7331196069717407, 0.7331196069717407, 0.7331196069717407, 0.7331196069717407, 0.7331196069717407, 0.7331196069717407, 0.7331196069717407, 0.7327188849449158, 0.7331196069717407, 0.7331196069717407, 0.7331196069717407, 0.7325185537338257, 0.7331196069717407, 0.7331196069717407, 0.7329192757606506, 0.7333199977874756, 0.7331196069717407, 0.7331196069717407, 0.7329192757606506], "val_loss": [0.5855007171630859, 0.5842212438583374, 0.584934651851654, 0.5849876403808594, 0.5854322910308838, 0.6081169247627258, 0.5963181257247925, 0.5785740613937378, 0.583635687828064, 0.5820963978767395, 0.5785130858421326, 0.5794345140457153, 0.579078733921051, 0.5770244598388672, 0.5800174474716187, 0.5777807235717773, 0.591912567615509, 0.5753591656684875, 0.5892868041992188, 0.5748018026351929, 0.5827845931053162, 0.5763020515441895, 0.5824422240257263, 0.5865102410316467, 0.5763174891471863, 0.578538179397583, 0.5977194309234619, 0.5893719792366028], "val_binary_accuracy": [0.7246376872062683, 0.7246376872062683, 0.7246376872062683, 0.7246376872062683, 0.7246376872062683, 0.7246376872062683, 0.7246376872062683, 0.7246376872062683, 0.7246376872062683, 0.7246376872062683, 0.7246376872062683, 0.7246376872062683, 0.7246376872062683, 0.7246376872062683, 0.7246376872062683, 0.7246376872062683, 0.7246376872062683, 0.7246376872062683, 0.7246376872062683, 0.7246376872062683, 0.7246376872062683, 0.7246376872062683, 0.7246376872062683, 0.7246376872062683, 0.7246376872062683, 0.7246376872062683, 0.7246376872062683, 0.7246376872062683]}