{"loss": [0.7106706500053406, 0.6983430981636047, 0.6938279867172241, 0.6965408325195312, 0.6919947266578674, 0.6907525062561035, 0.6901340484619141, 0.6930593252182007, 0.6902249455451965, 0.6892504096031189, 0.6894350051879883, 0.6940382719039917, 0.6856374740600586, 0.6869753003120422, 0.6926733255386353, 0.6904237866401672, 0.689431369304657, 0.6832551956176758, 0.6883114576339722, 0.6893414855003357, 0.6870521903038025, 0.6886842250823975, 0.6842522621154785, 0.6862539649009705, 0.6878672242164612, 0.68541020154953, 0.6881294846534729, 0.6864888668060303, 0.6870577335357666, 0.685200572013855, 0.6860209703445435, 0.6846182346343994, 0.6826502680778503, 0.6867375373840332, 0.6865322589874268, 0.6845867037773132, 0.6859167814254761, 0.6832011342048645, 0.6866844296455383, 0.6815393567085266, 0.6860705018043518, 0.6864762902259827], "binary_accuracy": [0.510074257850647, 0.5120625495910645, 0.516039252281189, 0.5182926654815674, 0.5270413756370544, 0.5340667963027954, 0.5303552746772766, 0.5278366804122925, 0.5288971662521362, 0.5273064970970154, 0.532608687877655, 0.5237274765968323, 0.5397667288780212, 0.5404294729232788, 0.5251855850219727, 0.5314157009124756, 0.5393690466880798, 0.548647940158844, 0.5455991625785828, 0.5429480671882629, 0.5452014803886414, 0.5424178242683411, 0.5458642840385437, 0.5360551476478577, 0.5438759326934814, 0.5471898317337036, 0.5373806953430176, 0.53671795129776, 0.5477200150489807, 0.5493106842041016, 0.5430805683135986, 0.5436108112335205, 0.5539501309394836, 0.5502386093139648, 0.5438759326934814, 0.5506362915039062, 0.5421527028083801, 0.5452014803886414, 0.5429480671882629, 0.5548780560493469, 0.5489130616188049, 0.5408271551132202], "val_loss": [0.695680558681488, 0.6921902894973755, 0.6907145977020264, 0.691685140132904, 0.6971907615661621, 0.7237381339073181, 0.6888161897659302, 0.6890168190002441, 0.6902084350585938, 0.687370777130127, 0.6929904818534851, 0.6994487643241882, 0.6862842440605164, 0.6866819262504578, 0.6872521042823792, 0.6961575746536255, 0.6953377723693848, 0.6868036985397339, 0.6975391507148743, 0.6857097148895264, 0.6908745765686035, 0.686560332775116, 0.6866140961647034, 0.6872395873069763, 0.7058899402618408, 0.7157313823699951, 0.6861485242843628, 0.6870332360267639, 0.6870352029800415, 0.691551685333252, 0.6851465106010437, 0.693983256816864, 0.6971654295921326, 0.6857855916023254, 0.6865059733390808, 0.6868835687637329, 0.6860694885253906, 0.6935592293739319, 0.6867728233337402, 0.6909970045089722, 0.6855210661888123, 0.6929723024368286], "val_binary_accuracy": [0.5257484912872314, 0.5005987882614136, 0.5101796388626099, 0.5269461274147034, 0.49341318011283875, 0.48383232951164246, 0.5269461274147034, 0.538922131061554, 0.5197604894638062, 0.5544910430908203, 0.5269461274147034, 0.4922155737876892, 0.5604790449142456, 0.5592814087867737, 0.5592814087867737, 0.4994012117385864, 0.5029940009117126, 0.5592814087867737, 0.4922155737876892, 0.5568862557411194, 0.5161676406860352, 0.5652694702148438, 0.5592814087867737, 0.5556886196136475, 0.49341318011283875, 0.4886227548122406, 0.5640718340873718, 0.5401197671890259, 0.5544910430908203, 0.5281437039375305, 0.5556886196136475, 0.5041916370391846, 0.4982036054134369, 0.5580838322639465, 0.5628742575645447, 0.5556886196136475, 0.542514979839325, 0.5113772749900818, 0.5508981943130493, 0.5257484912872314, 0.5544910430908203, 0.514970064163208]}