{"loss": [0.7103117108345032, 0.7059036493301392, 0.697934627532959, 0.7074869275093079, 0.6758593320846558, 0.7001296281814575, 0.6291038990020752, 0.6326718926429749, 0.6634529232978821, 0.6890155076980591, 0.6301177740097046, 0.6504318118095398, 0.6148584485054016, 0.6630072593688965, 0.6625235080718994, 0.5761038064956665, 0.5914369821548462, 0.5557441711425781, 0.6190680265426636, 0.6120696067810059], "binary_accuracy": [0.5400000214576721, 0.5687500238418579, 0.5687500238418579, 0.5133333206176758, 0.5625, 0.5562499761581421, 0.65625, 0.6625000238418579, 0.5874999761581421, 0.581250011920929, 0.668749988079071, 0.65625, 0.6937500238418579, 0.625, 0.574999988079071, 0.675000011920929, 0.6499999761581421, 0.746666669845581, 0.637499988079071, 0.699999988079071], "val_loss": [0.6998810172080994, 0.6702089905738831, 0.6744614243507385, 0.6816105842590332, 0.6534309387207031, 0.6426570415496826, 0.6393817663192749, 0.6357699036598206, 0.6343227624893188, 0.6242292523384094, 0.5958881974220276, 0.5997044444084167, 0.6091260313987732, 0.5832746624946594, 0.615761399269104, 0.5987597107887268, 0.5850983262062073, 0.5567119717597961, 0.5577147006988525, 0.5864548683166504], "val_binary_accuracy": [0.5104166865348816, 0.5520833134651184, 0.5104166865348816, 0.5520833134651184, 0.6145833134651184, 0.625, 0.7395833134651184, 0.6145833134651184, 0.5520833134651184, 0.6145833134651184, 0.6979166865348816, 0.71875, 0.7291666865348816, 0.75, 0.65625, 0.7291666865348816, 0.75, 0.7916666865348816, 0.7395833134651184, 0.6875]}