{"loss": [0.6277574896812439, 0.5945857167243958, 0.596804141998291, 0.5980359315872192, 0.5846689939498901, 0.5815549492835999, 0.572747528553009, 0.5732673406600952, 0.5712717175483704, 0.5666767954826355, 0.5621766448020935, 0.5469110608100891, 0.5461190342903137, 0.5358726978302002, 0.5415289402008057, 0.5273561477661133, 0.5288440585136414, 0.52167147397995, 0.5214876532554626, 0.5185701847076416, 0.5065873861312866, 0.503396213054657, 0.5076050162315369, 0.49118873476982117, 0.4915563762187958, 0.4943724572658539, 0.4893779754638672, 0.47636550664901733, 0.47725728154182434, 0.475966215133667, 0.4760316014289856, 0.46969231963157654, 0.4696059823036194, 0.45780467987060547, 0.45337605476379395, 0.4476604461669922, 0.4598458409309387, 0.4505486488342285, 0.4461251199245453], "binary_accuracy": [0.6311082243919373, 0.6489965319633484, 0.6503053903579712, 0.6557591557502747, 0.6588132381439209, 0.6655759215354919, 0.6620855331420898, 0.6710296869277954, 0.669066309928894, 0.6756108403205872, 0.6867364645004272, 0.6902268528938293, 0.7009162306785583, 0.7081151604652405, 0.7013525366783142, 0.7085514664649963, 0.7126963138580322, 0.7168411612510681, 0.720331609249115, 0.7218586206436157, 0.7255671620368958, 0.735383927822113, 0.7286213040351868, 0.738656222820282, 0.7452006936073303, 0.738438069820404, 0.7443280816078186, 0.7561082243919373, 0.7484729290008545, 0.753926694393158, 0.7545811533927917, 0.7532722353935242, 0.7521815299987793, 0.7630890011787415, 0.7641797661781311, 0.7774869203567505, 0.7633071541786194, 0.7598167657852173, 0.7770506143569946], "val_loss": [0.6345374584197998, 0.6145414710044861, 0.6072321534156799, 0.6209924817085266, 0.5909432172775269, 0.605786919593811, 0.5896208882331848, 0.5866017937660217, 0.557158350944519, 0.5950607061386108, 0.5749722123146057, 0.5768945217132568, 0.5574415922164917, 0.590352475643158, 0.5671855211257935, 0.5749987363815308, 0.5720722675323486, 0.5885778665542603, 0.5543200969696045, 0.5761890411376953, 0.6001155376434326, 0.6160932183265686, 0.5755195617675781, 0.6021752953529358, 0.6182858943939209, 0.56424480676651, 0.565643846988678, 0.6143074035644531, 0.5765239596366882, 0.5985289812088013, 0.6602979898452759, 0.6195572018623352, 0.6049487590789795, 0.620708167552948, 0.647915244102478, 0.6035183668136597, 0.6327418088912964, 0.6436883807182312, 0.6354440450668335], "val_binary_accuracy": [0.492337167263031, 0.6666666865348816, 0.6877394914627075, 0.6360152959823608, 0.6666666865348816, 0.6532567143440247, 0.6839080452919006, 0.6800765991210938, 0.7126436829566956, 0.6360152959823608, 0.6743295192718506, 0.6436781883239746, 0.6858237385749817, 0.6436781883239746, 0.6877394914627075, 0.6590038537979126, 0.6340996026992798, 0.6417624354362488, 0.6858237385749817, 0.6647509336471558, 0.6609195470809937, 0.6168582439422607, 0.6704980731010437, 0.6743295192718506, 0.6551724076271057, 0.6628352403640747, 0.6743295192718506, 0.6590038537979126, 0.6628352403640747, 0.6896551847457886, 0.6685823798179626, 0.6762452125549316, 0.6704980731010437, 0.6800765991210938, 0.6551724076271057, 0.6762452125549316, 0.6781609058380127, 0.6724137663841248, 0.7068965435028076]}