{"loss": [0.668046772480011, 0.5990972518920898, 0.5718135237693787, 0.5628007054328918, 0.5530177354812622, 0.542174756526947, 0.5362434983253479, 0.5335497260093689, 0.5368832349777222, 0.5256655216217041, 0.526527464389801, 0.52228844165802, 0.528242826461792, 0.5189887285232544, 0.5182417035102844], "binary_accuracy": [0.6040207743644714, 0.6916647553443909, 0.721030056476593, 0.7266771793365479, 0.7325502634048462, 0.7440704703330994, 0.7438445687294006, 0.7395527362823486, 0.743392825126648, 0.7506211996078491, 0.7438445687294006, 0.7522023916244507, 0.7490400075912476, 0.7535577416419983, 0.7628190517425537], "val_loss": [0.5904229879379272, 0.551227867603302, 0.5326671004295349, 0.5289654731750488, 0.5170706510543823, 0.5167044401168823, 0.5077207684516907, 0.5048655271530151, 0.5029875636100769, 0.513035237789154, 0.5104320645332336, 0.5020045638084412, 0.49669885635375977, 0.49492132663726807, 0.49375006556510925], "val_binary_accuracy": [0.7083333134651184, 0.7341269850730896, 0.761904776096344, 0.7559523582458496, 0.7698412537574768, 0.7777777910232544, 0.7876983880996704, 0.7698412537574768, 0.7777777910232544, 0.7638888955116272, 0.7658730149269104, 0.7698412537574768, 0.7797619104385376, 0.7797619104385376, 0.7817460298538208]}