{"loss": [0.7328620553016663, 0.6719586253166199, 0.6611181497573853, 0.6329752206802368, 0.6025428771972656, 0.5962795615196228, 0.5837786793708801, 0.5689259767532349, 0.568401038646698, 0.565542995929718, 0.5409242510795593, 0.5235198140144348, 0.5735181570053101, 0.5458652973175049, 0.560596227645874, 0.5486132502555847, 0.5237467288970947, 0.5338921546936035, 0.5210185050964355, 0.5201605558395386], "binary_accuracy": [0.5473214387893677, 0.5982142686843872, 0.6241071224212646, 0.6473214030265808, 0.6767857074737549, 0.6955357193946838, 0.6964285969734192, 0.7017857432365417, 0.7116071581840515, 0.7107142806053162, 0.7321428656578064, 0.7508928775787354, 0.7017857432365417, 0.7133928537368774, 0.6991071701049805, 0.7321428656578064, 0.7526785731315613, 0.7339285612106323, 0.7535714507102966, 0.737500011920929], "val_loss": [0.658737063407898, 0.6221647262573242, 0.5989421010017395, 0.5752760767936707, 0.553170919418335, 0.5365604758262634, 0.5398514866828918, 0.5206317901611328, 0.510718584060669, 0.5040031671524048, 0.5222628712654114, 0.48215100169181824, 0.5362531542778015, 0.4733511209487915, 0.48235005140304565, 0.5056988000869751, 0.4677797257900238, 0.47180941700935364, 0.48458102345466614, 0.47720128297805786], "val_binary_accuracy": [0.62109375, 0.66796875, 0.693359375, 0.716796875, 0.7265625, 0.763671875, 0.755859375, 0.771484375, 0.7734375, 0.779296875, 0.7421875, 0.806640625, 0.7578125, 0.7890625, 0.8046875, 0.7734375, 0.796875, 0.80078125, 0.77734375, 0.7890625]}