{"loss": [0.5827013850212097, 0.561516284942627, 0.5482678413391113, 0.5373754501342773, 0.5440728664398193, 0.5316656827926636, 0.5330029129981995, 0.5269852876663208, 0.528313159942627, 0.5215610265731812, 0.5339526534080505, 0.5200417041778564, 0.5370964407920837, 0.5286060571670532, 0.5303956270217896, 0.5229695439338684, 0.5252723693847656, 0.5189663171768188, 0.5191652774810791, 0.5154770016670227, 0.5200247168540955, 0.5190204977989197, 0.5122267007827759, 0.5237679481506348, 0.5227882862091064, 0.5174193978309631, 0.522244393825531, 0.5140343904495239, 0.5084253549575806, 0.5102044343948364, 0.5245043635368347, 0.5190718770027161, 0.5179713368415833, 0.5168739557266235, 0.51227205991745, 0.5095983147621155, 0.5163763761520386, 0.515540599822998, 0.5066705942153931, 0.5111414790153503, 0.5077722668647766, 0.5169184803962708, 0.5217835903167725, 0.5118152499198914, 0.519977331161499, 0.5067535042762756, 0.5235912799835205, 0.5149158835411072, 0.5137088894844055, 0.513343870639801, 0.5124507546424866, 0.5203462839126587, 0.517410397529602, 0.5135290026664734, 0.5178042650222778, 0.5096718072891235, 0.5055803656578064, 0.5154000520706177, 0.5157585740089417, 0.5146664977073669, 0.5116338133811951, 0.5196936130523682, 0.5134584307670593], "binary_accuracy": [0.7253648042678833, 0.737957239151001, 0.743553876876831, 0.7489506006240845, 0.745552659034729, 0.7523486018180847, 0.7561463117599487, 0.7567459344863892, 0.7617429494857788, 0.7587447762489319, 0.7529482245445251, 0.764341413974762, 0.7489506006240845, 0.7593443989753723, 0.7555466890335083, 0.7609434127807617, 0.7567459344863892, 0.7635418772697449, 0.7607435584068298, 0.7611433267593384, 0.7635418772697449, 0.7651408910751343, 0.7667399644851685, 0.7599440217018127, 0.7617429494857788, 0.7623425722122192, 0.7535478472709656, 0.7613431811332703, 0.769138514995575, 0.7601439356803894, 0.7645412683486938, 0.7607435584068298, 0.7593443989753723, 0.7631421089172363, 0.7689386606216431, 0.7739356160163879, 0.7639416456222534, 0.7649410367012024, 0.763342022895813, 0.7701379060745239, 0.7659404277801514, 0.763342022895813, 0.7601439356803894, 0.7611433267593384, 0.7649410367012024, 0.7685388922691345, 0.7575454711914062, 0.7599440217018127, 0.7629422545433044, 0.7647411823272705, 0.7647411823272705, 0.7631421089172363, 0.7627423405647278, 0.770937442779541, 0.763342022895813, 0.7705376744270325, 0.7655406594276428, 0.7677393555641174, 0.7637417316436768, 0.7611433267593384, 0.7613431811332703, 0.7607435584068298, 0.7683389782905579], "val_loss": [0.540817141532898, 0.527413547039032, 0.5262963771820068, 0.5124973058700562, 0.5102717876434326, 0.5035554766654968, 0.5052022337913513, 0.5043111443519592, 0.5093546509742737, 0.5157711505889893, 0.5495911836624146, 0.49242129921913147, 0.49425703287124634, 0.5140414834022522, 0.4943709075450897, 0.4977027475833893, 0.4858517050743103, 0.49165716767311096, 0.4950415790081024, 0.4922722578048706, 0.49380460381507874, 0.5045079588890076, 0.4854605793952942, 0.4892595112323761, 0.4882463216781616, 0.48262470960617065, 0.4824616014957428, 0.4921220541000366, 0.4824226200580597, 0.4852229356765747, 0.5108877420425415, 0.48707517981529236, 0.48393046855926514, 0.4811021089553833, 0.5126795172691345, 0.47939035296440125, 0.49234506487846375, 0.4838256239891052, 0.47890332341194153, 0.4857783615589142, 0.49653851985931396, 0.5444247722625732, 0.4904464781284332, 0.4854562282562256, 0.49277326464653015, 0.4815868139266968, 0.4887259006500244, 0.489936888217926, 0.4917413890361786, 0.4809029996395111, 0.4866793155670166, 0.4933832883834839, 0.4935493767261505, 0.4891757071018219, 0.5204443335533142, 0.5112684369087219, 0.48167499899864197, 0.4810929000377655, 0.4752160608768463, 0.4862300753593445, 0.491324245929718, 0.4809599816799164, 0.4782422184944153], "val_binary_accuracy": [0.7425925731658936, 0.7481481432914734, 0.7537037134170532, 0.7555555701255798, 0.7555555701255798, 0.7592592835426331, 0.770370364189148, 0.7555555701255798, 0.7462962865829468, 0.7833333611488342, 0.7425925731658936, 0.7648147940635681, 0.7666666507720947, 0.7481481432914734, 0.7555555701255798, 0.7833333611488342, 0.7629629373550415, 0.7648147940635681, 0.7592592835426331, 0.7833333611488342, 0.7592592835426331, 0.7592592835426331, 0.7870370149612427, 0.7907407283782959, 0.7592592835426331, 0.7611111402511597, 0.7648147940635681, 0.7611111402511597, 0.779629647731781, 0.7611111402511597, 0.7666666507720947, 0.7555555701255798, 0.7814815044403076, 0.7888888716697693, 0.7537037134170532, 0.7814815044403076, 0.7629629373550415, 0.7722222208976746, 0.7814815044403076, 0.7629629373550415, 0.7851851582527161, 0.7462962865829468, 0.7981481552124023, 0.7611111402511597, 0.7944444417953491, 0.7814815044403076, 0.7962962985038757, 0.7925925850868225, 0.7870370149612427, 0.7611111402511597, 0.7629629373550415, 0.7851851582527161, 0.7962962985038757, 0.770370364189148, 0.7666666507720947, 0.7574074268341064, 0.7722222208976746, 0.7722222208976746, 0.7759259343147278, 0.7888888716697693, 0.7629629373550415, 0.7777777910232544, 0.770370364189148]}