{"loss": [0.6249144077301025, 0.5800403952598572, 0.5702085494995117, 0.5647478699684143, 0.5559424161911011, 0.5516111850738525, 0.5479357242584229, 0.5395832061767578, 0.5415098071098328, 0.5334862470626831, 0.5358021259307861, 0.5353671312332153, 0.5308640599250793, 0.5345783233642578, 0.5341435670852661, 0.5297396779060364, 0.5371856689453125, 0.5295275449752808, 0.5313721299171448, 0.5344207882881165, 0.5286110639572144, 0.5236049890518188, 0.5254644155502319], "binary_accuracy": [0.6569438576698303, 0.6924248933792114, 0.6837179064750671, 0.6911188364028931, 0.6996082067489624, 0.7028732895851135, 0.7113626599311829, 0.7150631546974182, 0.7172398567199707, 0.7248585224151611, 0.7211580276489258, 0.730735719203949, 0.7205049991607666, 0.7235524654388428, 0.7226817607879639, 0.7318241000175476, 0.7215933799743652, 0.7259469032287598, 0.7237701416015625, 0.7250761985778809, 0.730735719203949, 0.7268176078796387, 0.730735719203949], "val_loss": [0.6157442331314087, 0.615348219871521, 0.5814846754074097, 0.6125391721725464, 0.6021124124526978, 0.5956518650054932, 0.5738400220870972, 0.6106024980545044, 0.5915226936340332, 0.5869387984275818, 0.6191053986549377, 0.6118829250335693, 0.5949841141700745, 0.6098529100418091, 0.5848006010055542, 0.5906554460525513, 0.5900612473487854, 0.572868824005127, 0.5788547992706299, 0.6001172065734863, 0.5841236114501953, 0.5771567225456238, 0.5818542242050171], "val_binary_accuracy": [0.666015625, 0.669921875, 0.705078125, 0.650390625, 0.658203125, 0.671875, 0.703125, 0.65625, 0.6640625, 0.673828125, 0.642578125, 0.65234375, 0.6796875, 0.66015625, 0.669921875, 0.681640625, 0.681640625, 0.6796875, 0.68359375, 0.669921875, 0.671875, 0.67578125, 0.66796875]}