{"loss": [0.7175278663635254, 0.682988166809082, 0.6614556312561035, 0.6549354195594788, 0.6436923146247864, 0.6322734951972961, 0.6409773230552673, 0.6164074540138245, 0.6204116344451904, 0.6196022033691406, 0.6123433113098145, 0.6099352836608887, 0.6148424744606018, 0.607900857925415, 0.5994194746017456, 0.5993754267692566, 0.6049057245254517, 0.6024335026741028, 0.6016210317611694, 0.6048173308372498, 0.6042918562889099, 0.6060287952423096, 0.5900776982307434, 0.5895914435386658, 0.5992353558540344, 0.5981391072273254], "binary_accuracy": [0.5086689591407776, 0.5757415294647217, 0.6076287031173706, 0.6076287031173706, 0.6263241767883301, 0.6380367875099182, 0.6375033259391785, 0.6665784120559692, 0.6588982939720154, 0.6581038236618042, 0.6657838821411133, 0.6766419410705566, 0.6615097522735596, 0.6657775640487671, 0.6700211763381958, 0.6787605881690979, 0.6796479225158691, 0.6748466491699219, 0.6663110256195068, 0.679025411605835, 0.6737288236618042, 0.6755826473236084, 0.6848517060279846, 0.695974588394165, 0.6811440587043762, 0.6841824650764465], "val_loss": [0.6686114072799683, 0.6424772143363953, 0.6132106781005859, 0.599053680896759, 0.613006055355072, 0.6154189705848694, 0.6276501417160034, 0.592079222202301, 0.6343423128128052, 0.5908917188644409, 0.5903545618057251, 0.608124315738678, 0.6142528653144836, 0.6287699341773987, 0.6197652220726013, 0.5938739776611328, 0.6109034419059753, 0.5779104828834534, 0.597895622253418, 0.585831344127655, 0.5805324912071228, 0.582545280456543, 0.582773745059967, 0.5926584005355835, 0.5871389508247375, 0.5934377908706665], "val_binary_accuracy": [0.6071428656578064, 0.6316964030265808, 0.6852678656578064, 0.6830357313156128, 0.65625, 0.6473214030265808, 0.6651785969734192, 0.6785714030265808, 0.6450892686843872, 0.6808035969734192, 0.6830357313156128, 0.6897321343421936, 0.6651785969734192, 0.6763392686843872, 0.6651785969734192, 0.6629464030265808, 0.6473214030265808, 0.6875, 0.6651785969734192, 0.6897321343421936, 0.6964285969734192, 0.6696428656578064, 0.6897321343421936, 0.6696428656578064, 0.6919642686843872, 0.6785714030265808]}