{"loss": [0.7028642296791077, 0.6504338979721069, 0.6501249074935913, 0.6461336016654968, 0.6302180886268616, 0.6011126041412354, 0.5590198040008545, 0.493002712726593, 0.4007836580276489, 0.3154188394546509, 0.2286641150712967, 0.1651531308889389, 0.12469154596328735], "binary_accuracy": [0.6343825459480286, 0.6368038654327393, 0.6368038654327393, 0.6368038654327393, 0.6519370675086975, 0.6725181341171265, 0.7130750417709351, 0.7542372941970825, 0.7923728823661804, 0.8680387139320374, 0.9092009663581848, 0.9406779408454895, 0.9582324624061584], "val_loss": [0.6674069762229919, 0.6482238173484802, 0.6490007638931274, 0.6421836018562317, 0.6407622694969177, 0.6423295140266418, 0.6470356583595276, 0.7450177669525146, 0.9212929010391235, 0.9666504859924316, 1.2723909616470337, 1.7195042371749878, 2.1229424476623535], "val_binary_accuracy": [0.647398829460144, 0.647398829460144, 0.647398829460144, 0.647398829460144, 0.6589595079421997, 0.6705202460289001, 0.6011560559272766, 0.6127167344093323, 0.6647399067878723, 0.6358381509780884, 0.6589595079421997, 0.6184971332550049, 0.6416184902191162]}