{"loss": [2.3795111179351807, 2.1917436122894287, 2.053201913833618, 2.026686429977417, 1.9742395877838135, 1.9373472929000854, 1.8939247131347656, 1.8761143684387207, 1.8762474060058594, 1.8171403408050537, 1.824744701385498, 1.790126919746399, 1.7795603275299072, 1.7826533317565918, 1.7428933382034302, 1.7403804063796997, 1.7152975797653198, 1.7268685102462769, 1.701097846031189, 1.6862713098526, 1.7037546634674072, 1.6606963872909546, 1.6442722082138062, 1.6575429439544678, 1.6145415306091309, 1.6242090463638306, 1.6130989789962769, 1.630551815032959, 1.6009290218353271, 1.5868873596191406, 1.5833449363708496, 1.5912054777145386, 1.5723557472229004, 1.5753121376037598, 1.5724177360534668, 1.5469450950622559, 1.5510586500167847, 1.5317020416259766], "accuracy": [0.20327553153038025, 0.27956730127334595, 0.328125, 0.3338942229747772, 0.3353365361690521, 0.34591346979141235, 0.3637019097805023, 0.36512523889541626, 0.36298078298568726, 0.3839113712310791, 0.38557693362236023, 0.3882211446762085, 0.38990384340286255, 0.3930288553237915, 0.4038461446762085, 0.4110576808452606, 0.4110576808452606, 0.40312498807907104, 0.4137019217014313, 0.4127403795719147, 0.42019230127334595, 0.4275048077106476, 0.42365124821662903, 0.42740383744239807, 0.4379807710647583, 0.44014424085617065, 0.44110578298568726, 0.4293269217014313, 0.4442307651042938, 0.4418269097805023, 0.453125, 0.45192307233810425, 0.44903847575187683, 0.4478365480899811, 0.4639423191547394, 0.4584134519100189, 0.45625001192092896, 0.4608173072338104], "val_loss": [2.2212915420532227, 2.1336162090301514, 2.1307199001312256, 2.006143808364868, 2.0122504234313965, 1.9523842334747314, 1.9407622814178467, 1.8756275177001953, 1.777087688446045, 1.772659420967102, 1.8346729278564453, 1.762902855873108, 1.817690372467041, 1.781101107597351, 1.7376281023025513, 1.6936607360839844, 1.746376395225525, 1.7093416452407837, 1.6846672296524048, 1.6711374521255493, 1.6309051513671875, 1.6351609230041504, 1.6443675756454468, 1.6070919036865234, 1.660200595855713, 1.568454623222351, 1.6152232885360718, 1.620670199394226, 1.5657049417495728, 1.5609296560287476, 1.5380431413650513, 1.531274437904358, 1.5890313386917114, 1.5664204359054565, 1.5192606449127197, 1.5410003662109375, 1.518626093864441, 1.5609112977981567], "val_accuracy": [0.27916666865348816, 0.26770833134651184, 0.2979166805744171, 0.32083332538604736, 0.3187499940395355, 0.3239583373069763, 0.3447916805744171, 0.3427083194255829, 0.38749998807907104, 0.38229167461395264, 0.3864583373069763, 0.3854166567325592, 0.37187498807907104, 0.37187498807907104, 0.40833333134651184, 0.4333333373069763, 0.3968749940395355, 0.4010416567325592, 0.4072916805744171, 0.4281249940395355, 0.453125, 0.4270833432674408, 0.4427083432674408, 0.43437498807907104, 0.4385416805744171, 0.4583333432674408, 0.44583332538604736, 0.43541666865348816, 0.45104166865348816, 0.4625000059604645, 0.4583333432674408, 0.44999998807907104, 0.41979166865348816, 0.4583333432674408, 0.45104166865348816, 0.4541666805744171, 0.45625001192092896, 0.45104166865348816]}