{"loss": [0.7738913297653198, 0.7975286245346069, 0.7350283265113831, 0.7331058382987976, 0.7412768602371216, 0.6923646330833435, 0.6792879700660706, 0.7018313407897949], "binary_accuracy": [0.5133928656578064, 0.5446428656578064, 0.5, 0.5178571343421936, 0.5401785969734192, 0.5535714030265808, 0.5401785969734192, 0.5758928656578064], "val_loss": [0.7720395922660828, 0.722215473651886, 0.6979454159736633, 0.6476152539253235, 0.6705894470214844, 0.6761119961738586, 0.686741828918457, 0.6574789881706238], "val_binary_accuracy": [0.5625, 0.5208333134651184, 0.40625, 0.6770833134651184, 0.6145833134651184, 0.5833333134651184, 0.5625, 0.625]}