{"loss": [1.6706581115722656, 1.1976872682571411, 1.0771361589431763, 1.0305724143981934, 0.9428238272666931, 0.927205502986908, 0.9060775637626648, 0.8643829226493835, 0.8563646078109741, 0.8319627642631531, 0.8157311081886292, 0.8104686141014099, 0.7925729155540466, 0.7871406078338623, 0.8069382905960083, 0.7665759921073914, 0.7544604539871216, 0.753280520439148, 0.773482620716095], "accuracy": [0.47379806637763977, 0.590624988079071, 0.6172720789909363, 0.6161057949066162, 0.6584075093269348, 0.6557692289352417, 0.6512019038200378, 0.6716346144676208, 0.6781250238418579, 0.6846153736114502, 0.6805288195610046, 0.6877403855323792, 0.6887019276618958, 0.6973557472229004, 0.6887178421020508, 0.7122595906257629, 0.7076923251152039, 0.7098557949066162, 0.7024038434028625], "val_loss": [1.289914846420288, 1.1205281019210815, 1.007530689239502, 0.9953145384788513, 0.9695017337799072, 0.8668918609619141, 0.9065811634063721, 0.8696491122245789, 0.8168200254440308, 0.8723094463348389, 0.7824676036834717, 0.8078621029853821, 0.7636144161224365, 0.80670166015625, 0.7903987169265747, 0.7985920906066895, 0.8082565069198608, 0.7984100580215454, 0.7560825347900391], "val_accuracy": [0.5829741358757019, 0.607758641242981, 0.6443965435028076, 0.6174569129943848, 0.65625, 0.6842672228813171, 0.6487069129943848, 0.6821120977401733, 0.6961206793785095, 0.6594827771186829, 0.7262930870056152, 0.6918103694915771, 0.712284505367279, 0.681034505367279, 0.6982758641242981, 0.6713362336158752, 0.681034505367279, 0.6853448152542114, 0.6993534564971924]}