{"loss": [0.6512341499328613, 0.6025927066802979, 0.5957099199295044, 0.5977527499198914, 0.5982581973075867, 0.586286723613739, 0.5844692587852478, 0.5787356495857239, 0.5729441046714783, 0.5700907111167908, 0.5629136562347412, 0.5556409955024719, 0.55424964427948, 0.5526394844055176, 0.5436152815818787, 0.5394830703735352, 0.5316570997238159, 0.5325061678886414, 0.5305355191230774, 0.5308387875556946, 0.5259830355644226, 0.5182546377182007, 0.5201401710510254, 0.5166148543357849, 0.5161892175674438, 0.5145729780197144, 0.5067319273948669, 0.5074078440666199, 0.5068961977958679, 0.5037789940834045, 0.5022523999214172, 0.504371702671051, 0.49799492955207825, 0.4978240728378296, 0.4867105185985565], "binary_accuracy": [0.6070182919502258, 0.653879702091217, 0.657802939414978, 0.6602005362510681, 0.6602005362510681, 0.6639058589935303, 0.6695727705955505, 0.6713165044784546, 0.6804707646369934, 0.688971221446991, 0.6878814101219177, 0.6859197616577148, 0.6928945183753967, 0.6972537040710449, 0.6998692154884338, 0.7088055610656738, 0.7127288579940796, 0.7072798609733582, 0.7157803177833557, 0.712510883808136, 0.7194856405258179, 0.7240628004074097, 0.7199215292930603, 0.7262423634529114, 0.7221011519432068, 0.7292938232421875, 0.7393199801445007, 0.7377942204475403, 0.7349607944488525, 0.735396683216095, 0.7351787090301514, 0.7351787090301514, 0.746730625629425, 0.7340889573097229, 0.7412816286087036], "val_loss": [0.6208049654960632, 0.6195250749588013, 0.6082756519317627, 0.6408164501190186, 0.614523708820343, 0.6157580614089966, 0.5982752442359924, 0.6036085486412048, 0.6065555214881897, 0.6075524687767029, 0.5976622104644775, 0.6069724559783936, 0.6155579686164856, 0.5751741528511047, 0.5673213601112366, 0.5796043872833252, 0.5977315306663513, 0.6028341054916382, 0.5893733501434326, 0.5881685614585876, 0.5888116359710693, 0.5817961096763611, 0.579830527305603, 0.5911920070648193, 0.5927327871322632, 0.6156497597694397, 0.5891537666320801, 0.5740106701850891, 0.5872829556465149, 0.5871923565864563, 0.5941493511199951, 0.5708502531051636, 0.570075511932373, 0.579945981502533, 0.5721524357795715], "val_binary_accuracy": [0.6563706398010254, 0.6081081032752991, 0.6409266591072083, 0.6100386381149292, 0.623552143573761, 0.5907335877418518, 0.6505791544914246, 0.6293436288833618, 0.5945945978164673, 0.5984556078910828, 0.6138995885848999, 0.6525096297264099, 0.6274131536483765, 0.6833977103233337, 0.6949806809425354, 0.6911196708679199, 0.6718146800994873, 0.6756756901741028, 0.7104247212409973, 0.700772225856781, 0.7046331763267517, 0.7084941864013672, 0.6949806809425354, 0.6911196708679199, 0.6949806809425354, 0.6795367002487183, 0.7162162065505981, 0.7162162065505981, 0.7065637111663818, 0.7239382266998291, 0.7084941864013672, 0.7162162065505981, 0.7142857313156128, 0.7084941864013672, 0.7104247212409973]}