{"loss": [0.7347753047943115, 0.7194618582725525, 0.6852406859397888, 0.6729968786239624, 0.6576985716819763, 0.6245880126953125, 0.6451143622398376, 0.6360480189323425, 0.6347708702087402, 0.6191961169242859, 0.626341700553894, 0.609332799911499, 0.6346173882484436, 0.6183125972747803, 0.5997592806816101, 0.6058188080787659, 0.5989357829093933], "binary_accuracy": [0.5250521898269653, 0.5219206809997559, 0.5563674569129944, 0.5687500238418579, 0.6041666865348816, 0.6510416865348816, 0.6135416626930237, 0.6291666626930237, 0.6398747563362122, 0.6510416865348816, 0.659375011920929, 0.659375011920929, 0.6458333134651184, 0.65625, 0.675000011920929, 0.6770833134651184, 0.6635416746139526], "val_loss": [0.6811068654060364, 0.6613307595252991, 0.6506118178367615, 0.6493633985519409, 0.6298674941062927, 0.6143033504486084, 0.5915790796279907, 0.6077300310134888, 0.6046483516693115, 0.582303524017334, 0.6027780175209045, 0.5967260003089905, 0.5944361686706543, 0.568405032157898, 0.6042618751525879, 0.5651547312736511, 0.6079697012901306], "val_binary_accuracy": [0.5721153616905212, 0.5793269276618958, 0.620192289352417, 0.567307710647583, 0.6370192170143127, 0.6778846383094788, 0.7091346383094788, 0.6802884340286255, 0.6778846383094788, 0.6971153616905212, 0.661057710647583, 0.6850961446762085, 0.6370192170143127, 0.7091346383094788, 0.65625, 0.7067307829856873, 0.661057710647583]}