{"loss": [0.6829851865768433, 0.5904530882835388, 0.5768524408340454, 0.5475021004676819, 0.5243076682090759, 0.5221423506736755, 0.5210651755332947, 0.5061597228050232, 0.5130143165588379, 0.5186362862586975, 0.4886009395122528, 0.48882433772087097, 0.49127164483070374, 0.4905538260936737, 0.4929021894931793, 0.495143860578537, 0.4894605576992035, 0.49656760692596436, 0.48343032598495483, 0.47917962074279785, 0.4930822253227234, 0.49367809295654297, 0.45972567796707153, 0.45875975489616394, 0.4790826141834259, 0.48094823956489563, 0.47614365816116333, 0.46704936027526855, 0.45799270272254944, 0.4542781710624695, 0.4799220860004425, 0.457263320684433, 0.48028579354286194, 0.4645436704158783, 0.47343161702156067, 0.48291125893592834, 0.4538455009460449, 0.4527398347854614, 0.46520984172821045, 0.4626486003398895, 0.4392274022102356, 0.4638429880142212, 0.45045414566993713, 0.4609784781932831, 0.4503480792045593, 0.43905341625213623, 0.4577732980251312, 0.4560632109642029, 0.4606238007545471, 0.43982869386672974, 0.4505791962146759, 0.4399486482143402], "binary_accuracy": [0.5780296325683594, 0.6948561668395996, 0.6904969215393066, 0.7306015491485596, 0.7367044687271118, 0.7558849453926086, 0.7445510029792786, 0.7602441310882568, 0.7436791658401489, 0.7515257000923157, 0.7724498510360718, 0.7750653624534607, 0.7768090963363647, 0.7663469910621643, 0.774193525314331, 0.7663469910621643, 0.7794246077537537, 0.7698343396186829, 0.7794246077537537, 0.7733216881752014, 0.7680906653404236, 0.7628596425056458, 0.7977331876754761, 0.7863993048667908, 0.7776809334754944, 0.7829119563102722, 0.7802964448928833, 0.7951176762580872, 0.7951176762580872, 0.8029642701148987, 0.7768090963363647, 0.7977331876754761, 0.7855274677276611, 0.8012205958366394, 0.7863993048667908, 0.7750653624534607, 0.7925021648406982, 0.804707944393158, 0.7837837934494019, 0.7898866534233093, 0.8073234558105469, 0.7837837934494019, 0.7942458391189575, 0.7898866534233093, 0.8029642701148987, 0.7986050844192505, 0.7951176762580872, 0.7977331876754761, 0.7968613505363464, 0.7933740019798279, 0.8055797815322876, 0.8099389672279358], "val_loss": [0.6636660695075989, 0.5906240344047546, 0.5757930874824524, 0.5552908778190613, 0.5478328466415405, 0.5416152477264404, 0.5337337851524353, 0.5459789037704468, 0.6418067812919617, 0.5284736752510071, 0.5463924407958984, 0.5200409889221191, 0.5301175713539124, 0.5369378924369812, 0.5524918437004089, 0.5162297487258911, 0.5177021622657776, 0.508710503578186, 0.5238260626792908, 0.5109220743179321, 0.5127826929092407, 0.5376245379447937, 0.5105356574058533, 0.5109084248542786, 0.5309278964996338, 0.5119686126708984, 0.5182733535766602, 0.5107727646827698, 0.5033922791481018, 0.5055779218673706, 0.512885570526123, 0.5020509362220764, 0.5279526114463806, 0.5147737264633179, 0.5178220272064209, 0.5192500352859497, 0.493714302778244, 0.4937887191772461, 0.4976067543029785, 0.5325514078140259, 0.4968011677265167, 0.49782222509384155, 0.5069019794464111, 0.5202203989028931, 0.5046189427375793, 0.5467053651809692, 0.5001190304756165, 0.5070497393608093, 0.4925023019313812, 0.5116750001907349, 0.49578553438186646, 0.5231720209121704], "val_binary_accuracy": [0.6320000290870667, 0.7120000123977661, 0.7360000014305115, 0.7360000014305115, 0.7440000176429749, 0.7360000014305115, 0.7360000014305115, 0.7599999904632568, 0.6959999799728394, 0.7279999852180481, 0.7440000176429749, 0.7599999904632568, 0.7680000066757202, 0.7680000066757202, 0.7440000176429749, 0.7599999904632568, 0.7279999852180481, 0.7599999904632568, 0.7680000066757202, 0.7599999904632568, 0.7599999904632568, 0.7680000066757202, 0.7680000066757202, 0.7680000066757202, 0.7760000228881836, 0.7680000066757202, 0.7599999904632568, 0.7760000228881836, 0.7839999794960022, 0.7440000176429749, 0.7599999904632568, 0.7919999957084656, 0.7680000066757202, 0.7680000066757202, 0.7279999852180481, 0.7680000066757202, 0.7760000228881836, 0.7919999957084656, 0.7839999794960022, 0.7680000066757202, 0.7680000066757202, 0.7599999904632568, 0.7760000228881836, 0.7760000228881836, 0.7680000066757202, 0.7760000228881836, 0.7760000228881836, 0.7760000228881836, 0.7839999794960022, 0.7839999794960022, 0.7839999794960022, 0.7760000228881836]}