{"loss": [0.6398693323135376, 0.6002928018569946, 0.6022306680679321, 0.5964913368225098, 0.5924506783485413, 0.586085855960846, 0.584445059299469, 0.5783199667930603, 0.5685651898384094, 0.5627626180648804, 0.5551061034202576, 0.5488513112068176, 0.5466290712356567, 0.5410333871841431, 0.5401738882064819, 0.5305142402648926, 0.5322993397712708, 0.5291680693626404, 0.5252463817596436, 0.5236692428588867, 0.5233150720596313, 0.5198611617088318, 0.5198119282722473, 0.5163737535476685, 0.5178825259208679, 0.5097493529319763, 0.5083104968070984, 0.5090590715408325, 0.5043339729309082, 0.5040120482444763, 0.5008328557014465, 0.5045908689498901, 0.5066280961036682, 0.4986768364906311, 0.4934431314468384, 0.4910975992679596, 0.4912359416484833, 0.4875846207141876], "binary_accuracy": [0.619192361831665, 0.6578376293182373, 0.655232310295105, 0.6543638706207275, 0.6606600284576416, 0.6621797680854797, 0.6704298853874207, 0.6736865043640137, 0.6932262182235718, 0.6949630975723267, 0.700825035572052, 0.6934433579444885, 0.7036474347114563, 0.7023447751998901, 0.7071211338043213, 0.7132001519203186, 0.710594892501831, 0.7186278700828552, 0.7158054709434509, 0.7275292873382568, 0.731871485710144, 0.7225358486175537, 0.72557532787323, 0.7247068881988525, 0.7249240279197693, 0.728614866733551, 0.7379505038261414, 0.7338254451751709, 0.731871485710144, 0.7438124418258667, 0.738601803779602, 0.7431610822677612, 0.7323057055473328, 0.7381675839424133, 0.7405558228492737, 0.7418584227561951, 0.7470690608024597, 0.7518454194068909], "val_loss": [0.6429407596588135, 0.6730228066444397, 0.636968731880188, 0.6383702754974365, 0.6251103281974792, 0.616571307182312, 0.6008530855178833, 0.5868181586265564, 0.6099890470504761, 0.5887994766235352, 0.6130974888801575, 0.5706209540367126, 0.6075461506843567, 0.5909917950630188, 0.5744965672492981, 0.5914747714996338, 0.5857905149459839, 0.5672062635421753, 0.5940167307853699, 0.5844700932502747, 0.5689969062805176, 0.6056254506111145, 0.5921894311904907, 0.5718801021575928, 0.5848347544670105, 0.5735945105552673, 0.5878666043281555, 0.5974247455596924, 0.5928076505661011, 0.5796226263046265, 0.6335297226905823, 0.588119626045227, 0.5718840956687927, 0.5946853160858154, 0.5872529745101929, 0.6048985123634338, 0.5890836715698242, 0.6328933238983154], "val_binary_accuracy": [0.578000009059906, 0.578000009059906, 0.6119999885559082, 0.6159999966621399, 0.621999979019165, 0.6499999761581421, 0.656000018119812, 0.6700000166893005, 0.656000018119812, 0.6759999990463257, 0.6700000166893005, 0.7020000219345093, 0.6399999856948853, 0.671999990940094, 0.7020000219345093, 0.6919999718666077, 0.6899999976158142, 0.6959999799728394, 0.6980000138282776, 0.6819999814033508, 0.6919999718666077, 0.6980000138282776, 0.6980000138282776, 0.7039999961853027, 0.7039999961853027, 0.7139999866485596, 0.7099999785423279, 0.6660000085830688, 0.6980000138282776, 0.6660000085830688, 0.6679999828338623, 0.6759999990463257, 0.6959999799728394, 0.6759999990463257, 0.7080000042915344, 0.7099999785423279, 0.7099999785423279, 0.7160000205039978]}