{"loss": [0.7059553265571594, 0.7403836250305176, 0.6968008279800415, 0.7108761668205261, 0.6549944877624512, 0.7278832197189331, 0.6802560091018677, 0.710662305355072], "binary_accuracy": [0.5982142686843872, 0.5982142686843872, 0.5758928656578064, 0.5848214030265808, 0.6650717854499817, 0.6071428656578064, 0.5789473652839661, 0.5758928656578064], "val_loss": [0.7031659483909607, 0.6396501660346985, 0.6361510157585144, 0.6116506457328796, 0.6641426682472229, 0.6296859979629517, 0.663906991481781, 0.6496840715408325], "val_binary_accuracy": [0.625, 0.6666666865348816, 0.6770833134651184, 0.6979166865348816, 0.6458333134651184, 0.6875, 0.6145833134651184, 0.65625]}