{"loss": [0.6161395907402039, 0.5817719101905823, 0.5558800101280212, 0.5505895018577576, 0.5476520657539368, 0.5365164875984192, 0.5408217906951904, 0.5389821529388428, 0.5389254689216614, 0.5290446877479553, 0.5338370203971863, 0.5307849049568176, 0.5264628529548645, 0.5246236324310303, 0.5311025381088257, 0.5215079188346863, 0.5310509204864502, 0.5180097818374634, 0.5365356802940369, 0.5292184948921204, 0.523188054561615, 0.5255992412567139, 0.5219967365264893, 0.5182750821113586, 0.5141960382461548, 0.5271642804145813, 0.5278099775314331, 0.5259016752243042, 0.5184219479560852, 0.5173131823539734, 0.5194093585014343, 0.526157021522522, 0.5178323984146118, 0.5242242217063904, 0.521259605884552, 0.5204763412475586, 0.5199443101882935, 0.5202608108520508, 0.5176258683204651], "binary_accuracy": [0.6543290019035339, 0.673160195350647, 0.7002164721488953, 0.7047619223594666, 0.7194805145263672, 0.7203463315963745, 0.7175324559211731, 0.7257575988769531, 0.7216449975967407, 0.7181817889213562, 0.7244588732719421, 0.7248917818069458, 0.7257575988769531, 0.731168806552887, 0.7233766317367554, 0.7370129823684692, 0.7296536564826965, 0.7411255240440369, 0.7199134230613708, 0.7316017150878906, 0.7322511076927185, 0.7277056574821472, 0.7359307408332825, 0.7354978322982788, 0.7413420081138611, 0.7251082062721252, 0.7335497736930847, 0.7350649237632751, 0.7352814078330994, 0.7411255240440369, 0.732467532157898, 0.7296536564826965, 0.731168806552887, 0.727489173412323, 0.727489173412323, 0.7411255240440369, 0.7417749166488647, 0.7307359576225281, 0.7313852906227112], "val_loss": [0.5610653162002563, 0.5491759181022644, 0.5393284559249878, 0.5394953489303589, 0.5271164178848267, 0.5443100333213806, 0.5488471388816833, 0.5732046961784363, 0.521918773651123, 0.5291692018508911, 0.5255860090255737, 0.5144124031066895, 0.5286563038825989, 0.533260703086853, 0.5167234539985657, 0.5234901905059814, 0.5441795587539673, 0.5250927209854126, 0.519563615322113, 0.5231192708015442, 0.5709555149078369, 0.5370495319366455, 0.5335755348205566, 0.5303205251693726, 0.5245224237442017, 0.5640521049499512, 0.5186988115310669, 0.5207459330558777, 0.5175895094871521, 0.5175817608833313, 0.5239019393920898, 0.5172373056411743, 0.5369712114334106, 0.5163590312004089, 0.52653568983078, 0.5317260026931763, 0.5134293437004089, 0.5295817255973816, 0.5701310038566589], "val_binary_accuracy": [0.693415641784668, 0.7222222089767456, 0.7037037014961243, 0.7160493731498718, 0.7304526567459106, 0.7160493731498718, 0.709876537322998, 0.7037037014961243, 0.7263374328613281, 0.7119341492652893, 0.7263374328613281, 0.7325102686882019, 0.7366254925727844, 0.7263374328613281, 0.7242798209190369, 0.7304526567459106, 0.7242798209190369, 0.7345678806304932, 0.7427983283996582, 0.7160493731498718, 0.709876537322998, 0.7304526567459106, 0.7366254925727844, 0.7386831045150757, 0.7160493731498718, 0.709876537322998, 0.7427983283996582, 0.7407407164573669, 0.7325102686882019, 0.7345678806304932, 0.7366254925727844, 0.7283950448036194, 0.7283950448036194, 0.7222222089767456, 0.7201645970344543, 0.7242798209190369, 0.7242798209190369, 0.7304526567459106, 0.7078189253807068]}