{"loss": [0.7018463015556335, 0.6928605437278748, 0.6899144053459167, 0.6861591935157776, 0.6829418540000916, 0.6742637157440186, 0.6690962314605713, 0.6612244248390198, 0.6542662382125854, 0.6500164270401001, 0.6438151597976685, 0.6386073231697083, 0.6241248250007629, 0.6209325194358826, 0.613313615322113, 0.6101706027984619, 0.6088865995407104, 0.6019450426101685, 0.6038088202476501, 0.5995444655418396, 0.5951483249664307, 0.5923835635185242, 0.5882156491279602, 0.5859454274177551, 0.5803484320640564, 0.5829576253890991, 0.5822762846946716, 0.5802661180496216, 0.5738270878791809, 0.5763729214668274, 0.5722509026527405, 0.5704118609428406, 0.569232702255249, 0.5687181353569031, 0.5671765804290771, 0.562114953994751, 0.5632457137107849, 0.5562782883644104, 0.555458128452301, 0.555282711982727, 0.5570183992385864, 0.5553193092346191, 0.5538029074668884, 0.5498835444450378, 0.5505014657974243, 0.5485386252403259, 0.5459948182106018, 0.5452387928962708, 0.5428353548049927, 0.5410621166229248, 0.5432226657867432, 0.5422544479370117, 0.5421577095985413, 0.5398803353309631, 0.5326818227767944, 0.5354750156402588, 0.5364310145378113, 0.5375849604606628, 0.5373615026473999, 0.5303346514701843, 0.5306434631347656, 0.5298465490341187, 0.5293972492218018, 0.5254597067832947, 0.5293410420417786, 0.5262706875801086, 0.5252463221549988, 0.5292280316352844, 0.5247072577476501, 0.5204100608825684, 0.5187005996704102, 0.5227259397506714, 0.5204932689666748, 0.5189775824546814, 0.5243400931358337, 0.5148946046829224, 0.5111252069473267, 0.5146389603614807, 0.5207836627960205, 0.5138053297996521, 0.5084450244903564, 0.5121592283248901, 0.5112612247467041, 0.5028966665267944, 0.5093758702278137, 0.5009998679161072, 0.5046418309211731, 0.5043361186981201, 0.5072277188301086, 0.5028736591339111, 0.49894195795059204, 0.5082005858421326, 0.49823781847953796, 0.495194673538208], "binary_accuracy": [0.5021828413009644, 0.5064162015914917, 0.5396216511726379, 0.5537769794464111, 0.5644926428794861, 0.5822198987007141, 0.5884376168251038, 0.5967720746994019, 0.6036512851715088, 0.6115888357162476, 0.6180711984634399, 0.6271993517875671, 0.6475724577903748, 0.6469109654426575, 0.6582881212234497, 0.6645058989524841, 0.6668871641159058, 0.6756184697151184, 0.67799973487854, 0.678528904914856, 0.6768090724945068, 0.6850112676620483, 0.6887154579162598, 0.693742573261261, 0.6904352307319641, 0.6951977610588074, 0.6954623460769653, 0.6925519108772278, 0.6987696886062622, 0.7010186314582825, 0.6971821784973145, 0.7024738788604736, 0.6969175934791565, 0.700092613697052, 0.7116020917892456, 0.7075009942054749, 0.7061780691146851, 0.7114697694778442, 0.7176875472068787, 0.7143802046775818, 0.7135864496231079, 0.7110729217529297, 0.719142735004425, 0.7174229621887207, 0.7159677147865295, 0.7225823402404785, 0.7253605127334595, 0.719671905040741, 0.7225823402404785, 0.7213917374610901, 0.7232438325881958, 0.7248313426971436, 0.7211271524429321, 0.7202010750770569, 0.7297261357307434, 0.7246990203857422, 0.725757360458374, 0.7233760952949524, 0.7246990203857422, 0.732107400894165, 0.7305198907852173, 0.7350178360939026, 0.7315782308578491, 0.7313136458396912, 0.7362084984779358, 0.7367376685142517, 0.7277417778968811, 0.7307844758033752, 0.7375314235687256, 0.7358115911483765, 0.734620988368988, 0.7376636862754822, 0.7424262762069702, 0.741500198841095, 0.7393835186958313, 0.7433522939682007, 0.7453367114067078, 0.7426908612251282, 0.7363407611846924, 0.74374920129776, 0.7469242215156555, 0.7428231239318848, 0.7416324615478516, 0.7498346567153931, 0.747850239276886, 0.7489085793495178, 0.7470564842224121, 0.750363826751709, 0.7461304664611816, 0.756978452205658, 0.7543326020240784, 0.7457335591316223, 0.7553909420967102, 0.7553909420967102], "val_loss": [0.6930246949195862, 0.6922575235366821, 0.6822016835212708, 0.6778412461280823, 0.6719228029251099, 0.6681638360023499, 0.6587680578231812, 0.6585084199905396, 0.6830486059188843, 0.6331684589385986, 0.6289615035057068, 0.6252437233924866, 0.6561429500579834, 0.6054019331932068, 0.6211271286010742, 0.6317158937454224, 0.6096612215042114, 0.6002930998802185, 0.6209849119186401, 0.5960552096366882, 0.6009017825126648, 0.5895464420318604, 0.6018481850624084, 0.5877482891082764, 0.6608899831771851, 0.595052182674408, 0.5812171101570129, 0.5807391405105591, 0.5959864854812622, 0.6161417365074158, 0.5982288122177124, 0.571409285068512, 0.5710735321044922, 0.5817569494247437, 0.5945864915847778, 0.5735494494438171, 0.6060097813606262, 0.589658796787262, 0.5903444886207581, 0.5985956788063049, 0.5778830647468567, 0.5936574339866638, 0.5963637828826904, 0.6064427495002747, 0.5644508600234985, 0.5991379618644714, 0.5805639624595642, 0.5732150673866272, 0.5826835632324219, 0.6029301881790161, 0.6068010330200195, 0.5782560706138611, 0.568742573261261, 0.566892683506012, 0.5842805504798889, 0.5820404291152954, 0.5631627440452576, 0.5681836009025574, 0.5686740875244141, 0.6005492210388184, 0.5680791139602661, 0.5715829730033875, 0.583427369594574, 0.5758988261222839, 0.5761538743972778, 0.5695620179176331, 0.5684912204742432, 0.5698665380477905, 0.5570749640464783, 0.614502489566803, 0.5671926140785217, 0.5530072450637817, 0.5555317401885986, 0.5475865602493286, 0.5576096773147583, 0.5605344176292419, 0.5699190497398376, 0.5686577558517456, 0.5752025246620178, 0.5889601111412048, 0.576379120349884, 0.5695310235023499, 0.5640456676483154, 0.5618176460266113, 0.5731266140937805, 0.5690711140632629, 0.5748066902160645, 0.5711485147476196, 0.559385359287262, 0.5746739506721497, 0.5737797617912292, 0.5678576827049255, 0.5954697132110596, 0.5782815217971802], "val_binary_accuracy": [0.5121951103210449, 0.5329268574714661, 0.5670731663703918, 0.5792682766914368, 0.5951219797134399, 0.5926828980445862, 0.6256097555160522, 0.5926828980445862, 0.6024390459060669, 0.6292682886123657, 0.6573171019554138, 0.6512194871902466, 0.6182926893234253, 0.6548780202865601, 0.6634146571159363, 0.6463414430618286, 0.6890243887901306, 0.6841463446617126, 0.6707317233085632, 0.6780487895011902, 0.6792683005332947, 0.6975609660148621, 0.6817073225975037, 0.6951219439506531, 0.6487804651260376, 0.6975609660148621, 0.6963414549827576, 0.7012194991111755, 0.6878048777580261, 0.6682927012443542, 0.6731707453727722, 0.7036585211753845, 0.7036585211753845, 0.6890243887901306, 0.6841463446617126, 0.6951219439506531, 0.6902438998222351, 0.7085365653038025, 0.70243901014328, 0.6756097674369812, 0.7060975432395935, 0.6841463446617126, 0.6878048777580261, 0.6804878115653992, 0.7036585211753845, 0.6719512343406677, 0.6878048777580261, 0.7134146094322205, 0.7012194991111755, 0.6792683005332947, 0.6695122122764587, 0.709756076335907, 0.6890243887901306, 0.7109755873680115, 0.6963414549827576, 0.707317054271698, 0.707317054271698, 0.704878032207489, 0.7207317352294922, 0.6780487895011902, 0.7085365653038025, 0.7109755873680115, 0.699999988079071, 0.699999988079071, 0.709756076335907, 0.7109755873680115, 0.712195098400116, 0.7182926535606384, 0.7182926535606384, 0.6817073225975037, 0.7012194991111755, 0.7256097793579102, 0.714634120464325, 0.7182926535606384, 0.7268292903900146, 0.7109755873680115, 0.6975609660148621, 0.7134146094322205, 0.699999988079071, 0.699999988079071, 0.7134146094322205, 0.7170731425285339, 0.7158536314964294, 0.7134146094322205, 0.7036585211753845, 0.7280488014221191, 0.7134146094322205, 0.7243902683258057, 0.7219512462615967, 0.7195122241973877, 0.7207317352294922, 0.7085365653038025, 0.6865853667259216, 0.7170731425285339]}