{"loss": [0.5933170318603516, 0.6483522653579712, 0.6357858777046204, 0.6075959205627441, 0.5263411402702332], "binary_accuracy": [0.71875, 0.7008928656578064, 0.6785714030265808, 0.6944444179534912, 0.7946428656578064], "val_loss": [0.5536984801292419, 0.5646591186523438, 0.578892171382904, 0.6020740866661072, 0.7078613638877869], "val_binary_accuracy": [0.7604166865348816, 0.75, 0.7395833134651184, 0.71875, 0.6666666865348816]}