{"loss": [0.6202799081802368, 0.5890369415283203, 0.5750176906585693, 0.5599414706230164, 0.5597621202468872, 0.555150032043457, 0.5484573841094971, 0.5467671155929565, 0.5351859331130981, 0.5363225340843201, 0.53815096616745, 0.5355280637741089, 0.5338461995124817, 0.5406551361083984, 0.5319427847862244, 0.5353030562400818, 0.5355023741722107, 0.5337854623794556, 0.532666802406311, 0.5412179231643677, 0.5314813852310181, 0.5329052209854126, 0.5243142247200012, 0.5303085446357727, 0.533133327960968, 0.5257231593132019, 0.523242712020874, 0.526378333568573, 0.5344728827476501, 0.5281959176063538, 0.5315259099006653, 0.5272423028945923, 0.5293191075325012, 0.5305706262588501, 0.5291441679000854, 0.5258442163467407, 0.5310468077659607, 0.5274586081504822, 0.5243280529975891], "binary_accuracy": [0.7088099718093872, 0.7164359092712402, 0.7262693047523499, 0.7294802069664001, 0.735500693321228, 0.7385109663009644, 0.739715039730072, 0.7453341484069824, 0.747340977191925, 0.7463375329971313, 0.7457355260848999, 0.7523580193519592, 0.748344361782074, 0.748344361782074, 0.7531607747077942, 0.7533614039421082, 0.7477422952651978, 0.7493478059768677, 0.751755952835083, 0.7417218685150146, 0.7529600858688354, 0.7549669146537781, 0.7609873414039612, 0.7543648481369019, 0.751755952835083, 0.7557696104049683, 0.7537627816200256, 0.755167543888092, 0.7497491240501404, 0.7507525682449341, 0.748344361782074, 0.7541641592979431, 0.7527593970298767, 0.7553682327270508, 0.7569736838340759, 0.755970299243927, 0.7481436729431152, 0.756773054599762, 0.7537627816200256], "val_loss": [0.5868290662765503, 0.5670880079269409, 0.5526386499404907, 0.5418766140937805, 0.5394097566604614, 0.528907835483551, 0.5358603000640869, 0.5321813225746155, 0.5231832265853882, 0.5301787257194519, 0.521239697933197, 0.518418550491333, 0.5237728953361511, 0.5159137845039368, 0.5201298594474792, 0.5143359303474426, 0.5200169086456299, 0.5164918899536133, 0.517707109451294, 0.5210039615631104, 0.5175051093101501, 0.5152426958084106, 0.5134645700454712, 0.5431032180786133, 0.5180021524429321, 0.5177228450775146, 0.5300887227058411, 0.5103924870491028, 0.5141177177429199, 0.5326380729675293, 0.5120027661323547, 0.5131574273109436, 0.5204655528068542, 0.516528308391571, 0.5181711912155151, 0.5185184478759766, 0.5202705264091492, 0.5205403566360474, 0.5129740834236145], "val_binary_accuracy": [0.7392857074737549, 0.7553571462631226, 0.7678571343421936, 0.7589285969734192, 0.7607142925262451, 0.7607142925262451, 0.7607142925262451, 0.7607142925262451, 0.7678571343421936, 0.7732142806053162, 0.7749999761581421, 0.7803571224212646, 0.762499988079071, 0.7749999761581421, 0.7696428298950195, 0.7803571224212646, 0.7660714387893677, 0.7732142806053162, 0.7857142686843872, 0.7642857432365417, 0.7785714268684387, 0.7803571224212646, 0.7785714268684387, 0.7607142925262451, 0.7714285850524902, 0.7749999761581421, 0.7732142806053162, 0.7821428775787354, 0.7821428775787354, 0.7642857432365417, 0.7839285731315613, 0.7803571224212646, 0.7732142806053162, 0.7803571224212646, 0.7749999761581421, 0.7767857313156128, 0.7732142806053162, 0.7767857313156128, 0.7839285731315613]}