{"loss": [2.667869806289673, 2.572603940963745, 2.5562219619750977, 2.4886438846588135, 2.4908413887023926, 2.467040538787842, 2.456308603286743, 2.4314868450164795, 2.3990836143493652, 2.431678295135498, 2.3676981925964355, 2.4026987552642822, 2.419910430908203, 2.3801329135894775, 2.398224115371704, 2.359340190887451, 2.337177038192749, 2.353990077972412, 2.353909730911255, 2.349759578704834, 2.34582257270813, 2.324336528778076, 2.3360629081726074, 2.3482587337493896, 2.3363516330718994, 2.3386621475219727, 2.316455125808716, 2.3281807899475098, 2.3049304485321045, 2.3170363903045654, 2.329876661300659, 2.3077895641326904, 2.311671257019043, 2.2910027503967285, 2.336259365081787, 2.293787717819214, 2.2770047187805176, 2.3208539485931396, 2.2943503856658936, 2.309170961380005, 2.2978954315185547, 2.323115825653076, 2.2996625900268555, 2.280902624130249, 2.2925899028778076, 2.264423131942749, 2.2798564434051514, 2.28505802154541, 2.2771732807159424, 2.286130666732788], "accuracy": [0.13221153616905212, 0.12019230425357819, 0.11971154063940048, 0.15000000596046448, 0.1528846174478531, 0.14519231021404266, 0.16346153616905212, 0.17548076808452606, 0.17884615063667297, 0.16586539149284363, 0.1836538463830948, 0.18221153318881989, 0.17932692170143127, 0.1846153885126114, 0.1903846114873886, 0.19567307829856873, 0.2158653885126114, 0.19278846681118011, 0.20336538553237915, 0.21346153318881989, 0.20769231021404266, 0.22355769574642181, 0.20913460850715637, 0.19951923191547394, 0.20288461446762085, 0.20865385234355927, 0.21009615063667297, 0.20913460850715637, 0.21954742074012756, 0.22884614765644073, 0.2216346114873886, 0.2230769246816635, 0.22451923787593842, 0.2225961536169052, 0.20865385234355927, 0.23317307233810425, 0.23221154510974884, 0.23798076808452606, 0.2168269157409668, 0.23557692766189575, 0.23784303665161133, 0.2144230753183365, 0.20528845489025116, 0.23749999701976776, 0.22644230723381042, 0.23365384340286255, 0.22740384936332703, 0.22773230075836182, 0.23173077404499054, 0.21875], "val_loss": [2.4772017002105713, 2.443051338195801, 2.4640398025512695, 2.4518966674804688, 2.4222946166992188, 2.4345057010650635, 2.446650743484497, 2.4226455688476562, 2.348642587661743, 2.3540761470794678, 2.397184133529663, 2.3707098960876465, 2.399832248687744, 2.327291965484619, 2.3072092533111572, 2.360199213027954, 2.3327414989471436, 2.299002170562744, 2.33158016204834, 2.365941286087036, 2.3367528915405273, 2.3186261653900146, 2.3176910877227783, 2.2491157054901123, 2.3201568126678467, 2.2858941555023193, 2.3504159450531006, 2.3197877407073975, 2.2422564029693604, 2.302813768386841, 2.351580858230591, 2.300854206085205, 2.335266351699829, 2.25087833404541, 2.238041877746582, 2.2734463214874268, 2.2841901779174805, 2.332529306411743, 2.271408796310425, 2.3079559803009033, 2.2558372020721436, 2.3194453716278076, 2.341820240020752, 2.2712314128875732, 2.233781099319458, 2.2351107597351074, 2.3473992347717285, 2.2727584838867188, 2.250086545944214, 2.244455099105835], "val_accuracy": [0.16249999403953552, 0.125, 0.17083333432674408, 0.14166666567325592, 0.15833333134651184, 0.15833333134651184, 0.17499999701976776, 0.23541666567325592, 0.19166666269302368, 0.24583333730697632, 0.22291666269302368, 0.18333333730697632, 0.1666666716337204, 0.23749999701976776, 0.2083333283662796, 0.24791666865348816, 0.24375000596046448, 0.2666666805744171, 0.23125000298023224, 0.2083333283662796, 0.23125000298023224, 0.20208333432674408, 0.25, 0.22499999403953552, 0.19166666269302368, 0.22083333134651184, 0.25, 0.24166665971279144, 0.27291667461395264, 0.2291666716337204, 0.25, 0.2291666716337204, 0.23125000298023224, 0.30000001192092896, 0.23125000298023224, 0.25833332538604736, 0.2604166567325592, 0.2395833283662796, 0.23125000298023224, 0.2562499940395355, 0.27916666865348816, 0.26249998807907104, 0.18125000596046448, 0.2666666805744171, 0.2874999940395355, 0.27916666865348816, 0.24583333730697632, 0.2562499940395355, 0.2770833373069763, 0.27916666865348816]}