{"loss": [0.5999237298965454, 0.5396191477775574, 0.5208420753479004, 0.5025882720947266, 0.49824258685112, 0.4942445755004883, 0.4900582730770111, 0.4900614023208618, 0.49465081095695496, 0.4897729456424713, 0.4868921935558319, 0.4881971776485443, 0.48499760031700134, 0.48434585332870483, 0.4820721745491028, 0.4855024814605713, 0.4822152256965637, 0.481680691242218, 0.4833455979824066, 0.4839274287223816, 0.4860966205596924, 0.4808295667171478, 0.47835633158683777, 0.4797508418560028, 0.48252996802330017, 0.4817521274089813, 0.4794280529022217, 0.4780339300632477, 0.4829557240009308, 0.47440528869628906, 0.4748586416244507, 0.48029112815856934, 0.4846929907798767, 0.4794567823410034, 0.47753995656967163, 0.4738854467868805, 0.4787905514240265, 0.4795234799385071, 0.48016026616096497, 0.4768277108669281, 0.48153841495513916, 0.47517913579940796, 0.4791271686553955, 0.4832678437232971, 0.47565674781799316], "binary_accuracy": [0.677533745765686, 0.7312971949577332, 0.7471974492073059, 0.7628688812255859, 0.7603523135185242, 0.7667582035064697, 0.7685884237289429, 0.7695035338401794, 0.7674444913864136, 0.7716769576072693, 0.7699611186981201, 0.768245279788971, 0.7714481949806213, 0.7712193727493286, 0.7744223475456238, 0.7755662202835083, 0.7747654914855957, 0.7707618474960327, 0.7763669490814209, 0.7706474661827087, 0.7736216187477112, 0.7677876949310303, 0.7764813303947449, 0.7728208899497986, 0.7770532965660095, 0.7729352712631226, 0.776023805141449, 0.7775108814239502, 0.7690460085868835, 0.7781972289085388, 0.7785403728485107, 0.7715625762939453, 0.7692747712135315, 0.7747654914855957, 0.7752230763435364, 0.7728208899497986, 0.7812857627868652, 0.7770532965660095, 0.7747654914855957, 0.7795698642730713, 0.7728208899497986, 0.7779684066772461, 0.7773965001106262, 0.7677876949310303, 0.7779684066772461], "val_loss": [0.5641594529151917, 0.5136507749557495, 0.5036575794219971, 0.4937177300453186, 0.5368568301200867, 0.4958266317844391, 0.5063514709472656, 0.4918425977230072, 0.48040932416915894, 0.49204373359680176, 0.4813050329685211, 0.495067298412323, 0.4891631007194519, 0.4773704409599304, 0.495423823595047, 0.48278483748435974, 0.5249430537223816, 0.4831959903240204, 0.47603580355644226, 0.4752483367919922, 0.47507819533348083, 0.4749794006347656, 0.4736959636211395, 0.47718578577041626, 0.4736979305744171, 0.47456490993499756, 0.48364418745040894, 0.48267629742622375, 0.4982048571109772, 0.4724874794483185, 0.4812631607055664, 0.4943135380744934, 0.47152358293533325, 0.47857901453971863, 0.47733819484710693, 0.4870973825454712, 0.4905416667461395, 0.47253093123435974, 0.4881357252597809, 0.482033908367157, 0.46880730986595154, 0.5102573037147522, 0.4714439809322357, 0.4681362509727478, 0.4731379747390747], "val_binary_accuracy": [0.7049505114555359, 0.7613861560821533, 0.7673267126083374, 0.7712871432304382, 0.7356435656547546, 0.7712871432304382, 0.7524752616882324, 0.7653465270996094, 0.788118839263916, 0.7693069577217102, 0.790099024772644, 0.7633663415908813, 0.7762376070022583, 0.7910891175270081, 0.7693069577217102, 0.7811881303787231, 0.7504950761795044, 0.7831683158874512, 0.788118839263916, 0.7950494885444641, 0.7831683158874512, 0.800990104675293, 0.7950494885444641, 0.7990099191665649, 0.802970290184021, 0.7950494885444641, 0.7841584086418152, 0.7841584086418152, 0.7673267126083374, 0.7960395812988281, 0.7871286869049072, 0.7712871432304382, 0.800990104675293, 0.790099024772644, 0.7910891175270081, 0.7534653544425964, 0.7762376070022583, 0.801980197429657, 0.7772276997566223, 0.7782177925109863, 0.801980197429657, 0.7623762488365173, 0.800990104675293, 0.7990099191665649, 0.7980198264122009]}