{"loss": [0.6143907308578491, 0.5350223779678345, 0.5081776976585388, 0.48474469780921936, 0.47716981172561646, 0.4652054011821747, 0.4586178660392761, 0.4523344337940216, 0.4477051794528961, 0.45008939504623413, 0.4437076151371002, 0.44353604316711426, 0.46483495831489563, 0.4303911030292511, 0.4357720613479614, 0.43568310141563416, 0.4202457666397095, 0.42368119955062866, 0.4385494887828827, 0.43061164021492004, 0.4254683554172516, 0.4151366353034973, 0.42725297808647156, 0.433906614780426, 0.42304250597953796, 0.4327824115753174, 0.4285917580127716, 0.4238711893558502, 0.4123987555503845, 0.41715389490127563, 0.4107387661933899, 0.432943731546402, 0.4143178462982178, 0.4116545021533966, 0.40934303402900696, 0.42887699604034424, 0.400974303483963, 0.4167090654373169, 0.4086545705795288, 0.41789886355400085, 0.40629711747169495, 0.40659627318382263, 0.43554773926734924, 0.3984549045562744, 0.40644708275794983, 0.41805315017700195, 0.41143444180488586, 0.40851184725761414, 0.3993362784385681, 0.41430455446243286, 0.41978931427001953, 0.425382524728775, 0.4179573655128479, 0.4013445973396301, 0.4011296331882477, 0.4113975465297699, 0.3976430296897888, 0.41277921199798584, 0.4189416766166687, 0.4047488272190094, 0.40281596779823303, 0.406077116727829, 0.398100882768631, 0.41098037362098694, 0.4103495478630066, 0.4266553819179535, 0.40188300609588623, 0.4048013687133789, 0.3950945734977722, 0.4137686789035797], "binary_accuracy": [0.680437445640564, 0.749088704586029, 0.7770352363586426, 0.7721749544143677, 0.7861482501029968, 0.8013365864753723, 0.8019441366195679, 0.8037667274475098, 0.8037667274475098, 0.8061968684196472, 0.8183475136756897, 0.819562554359436, 0.8049817681312561, 0.819562554359436, 0.8086269497871399, 0.8086269497871399, 0.819562554359436, 0.8244228363037109, 0.8159173727035522, 0.8201701045036316, 0.8207776546478271, 0.8304981589317322, 0.8311057090759277, 0.8232077956199646, 0.825637936592102, 0.8128796815872192, 0.8244228363037109, 0.8244228363037109, 0.8232077956199646, 0.8292831182479858, 0.8262454271316528, 0.8134872317314148, 0.8347508907318115, 0.8304981589317322, 0.8323207497596741, 0.8116646409034729, 0.8383961319923401, 0.8244228363037109, 0.8365735411643982, 0.8219926953315735, 0.8359659910202026, 0.827460527420044, 0.8232077956199646, 0.8335358500480652, 0.8335358500480652, 0.8219926953315735, 0.8347508907318115, 0.8329282999038696, 0.8426488637924194, 0.8183475136756897, 0.8244228363037109, 0.8213852047920227, 0.8280680179595947, 0.8286755681037903, 0.8359659910202026, 0.837181031703949, 0.8341434001922607, 0.840218722820282, 0.8238152861595154, 0.8323207497596741, 0.8396111726760864, 0.8335358500480652, 0.8438639044761658, 0.8329282999038696, 0.8323207497596741, 0.8298906683921814, 0.8268529772758484, 0.8335358500480652, 0.825637936592102, 0.8335358500480652], "val_loss": [0.575359582901001, 0.5438593626022339, 0.5281783938407898, 0.5248514413833618, 0.4989868998527527, 0.49930065870285034, 0.49524062871932983, 0.49256399273872375, 0.487076073884964, 0.4971126317977905, 0.4889398515224457, 0.5202361345291138, 0.49138057231903076, 0.4920825660228729, 0.4887087941169739, 0.5156604051589966, 0.4938184916973114, 0.49206897616386414, 0.48872989416122437, 0.5289741158485413, 0.4966975450515747, 0.5005390644073486, 0.4992298185825348, 0.5085017085075378, 0.48959779739379883, 0.5001883506774902, 0.4883798062801361, 0.4950050413608551, 0.5148781538009644, 0.48588818311691284, 0.5017359852790833, 0.4895698130130768, 0.4846145808696747, 0.4851092994213104, 0.48983752727508545, 0.5133615732192993, 0.4823484718799591, 0.4912801682949066, 0.4887917935848236, 0.4900656044483185, 0.5083370804786682, 0.49336233735084534, 0.5181942582130432, 0.4942100942134857, 0.49082913994789124, 0.4923839569091797, 0.4914532005786896, 0.49091655015945435, 0.4897224009037018, 0.512139618396759, 0.4952254593372345, 0.5294709205627441, 0.48680660128593445, 0.4849880039691925, 0.4900946021080017, 0.4828130602836609, 0.4863356649875641, 0.4877616763114929, 0.48748597502708435, 0.5067859292030334, 0.5029681324958801, 0.5090657472610474, 0.5387077331542969, 0.5032758116722107, 0.48850688338279724, 0.5516690611839294, 0.4892079830169678, 0.4910636246204376, 0.4971783459186554, 0.48834291100502014], "val_binary_accuracy": [0.7094972133636475, 0.7039105892181396, 0.7765362858772278, 0.7597765326499939, 0.7709497213363647, 0.7877094745635986, 0.7765362858772278, 0.7877094745635986, 0.7765362858772278, 0.7821229100227356, 0.7932960987091064, 0.7821229100227356, 0.7988826632499695, 0.7932960987091064, 0.7932960987091064, 0.7877094745635986, 0.7988826632499695, 0.8044692873954773, 0.8044692873954773, 0.74301677942276, 0.7988826632499695, 0.8044692873954773, 0.7988826632499695, 0.8100558519363403, 0.7988826632499695, 0.8044692873954773, 0.7988826632499695, 0.7932960987091064, 0.7932960987091064, 0.7988826632499695, 0.8156424760818481, 0.7932960987091064, 0.7932960987091064, 0.7932960987091064, 0.7932960987091064, 0.8044692873954773, 0.7988826632499695, 0.7988826632499695, 0.7877094745635986, 0.7877094745635986, 0.8044692873954773, 0.7988826632499695, 0.8044692873954773, 0.7765362858772278, 0.7821229100227356, 0.7988826632499695, 0.7821229100227356, 0.7821229100227356, 0.8044692873954773, 0.8212290406227112, 0.7821229100227356, 0.7877094745635986, 0.7821229100227356, 0.7821229100227356, 0.8156424760818481, 0.7932960987091064, 0.7821229100227356, 0.8100558519363403, 0.8044692873954773, 0.7541899681091309, 0.7765362858772278, 0.7541899681091309, 0.7653631567955017, 0.8100558519363403, 0.8044692873954773, 0.7765362858772278, 0.7932960987091064, 0.7988826632499695, 0.8100558519363403, 0.7988826632499695]}