{"loss": [0.7187858819961548, 0.6030810475349426, 0.5536912083625793, 0.5394441485404968, 0.5179462432861328, 0.5099992156028748, 0.48951536417007446, 0.4813396632671356, 0.47297483682632446, 0.4687611162662506, 0.4611318111419678, 0.4572083055973053, 0.45465636253356934, 0.4558137059211731, 0.4412810206413269, 0.4501930773258209, 0.44463005661964417, 0.43941378593444824, 0.43962210416793823, 0.43454721570014954, 0.4456303119659424, 0.43350884318351746, 0.4431898295879364, 0.4342302083969116, 0.4270702600479126, 0.4328748881816864, 0.43046891689300537, 0.426406592130661, 0.4285990595817566, 0.4229651689529419], "binary_accuracy": [0.6026731729507446, 0.6919805407524109, 0.733292818069458, 0.7472661137580872, 0.7563791275024414, 0.7545564770698547, 0.7697448134422302, 0.7812879681587219, 0.79404616355896, 0.797083854675293, 0.8013365864753723, 0.7982988953590393, 0.7995139956474304, 0.8140947818756104, 0.8116646409034729, 0.8049817681312561, 0.8140947818756104, 0.8147023320198059, 0.8074119091033936, 0.8061968684196472, 0.8019441366195679, 0.8177399635314941, 0.8116646409034729, 0.8092344999313354, 0.8147023320198059, 0.8232077956199646, 0.8232077956199646, 0.825637936592102, 0.8250303864479065, 0.8165249228477478], "val_loss": [0.5773962140083313, 0.5244652032852173, 0.4955887198448181, 0.4737628102302551, 0.4671116769313812, 0.44674167037010193, 0.4461722671985626, 0.43669384717941284, 0.4298906922340393, 0.4244772493839264, 0.4237167239189148, 0.42206472158432007, 0.42043906450271606, 0.4200479984283447, 0.42015960812568665, 0.41804853081703186, 0.41743242740631104, 0.416710764169693, 0.41926199197769165, 0.4169144928455353, 0.41745638847351074, 0.41478240489959717, 0.41858595609664917, 0.4149903953075409, 0.4172552525997162, 0.4142283797264099, 0.41639944911003113, 0.4161248207092285, 0.41400840878486633, 0.415312796831131], "val_binary_accuracy": [0.6983240246772766, 0.7597765326499939, 0.7821229100227356, 0.7932960987091064, 0.8156424760818481, 0.8044692873954773, 0.8044692873954773, 0.8100558519363403, 0.826815664768219, 0.832402229309082, 0.832402229309082, 0.8212290406227112, 0.8100558519363403, 0.832402229309082, 0.8100558519363403, 0.8156424760818481, 0.8044692873954773, 0.8044692873954773, 0.8044692873954773, 0.7988826632499695, 0.7988826632499695, 0.8044692873954773, 0.8212290406227112, 0.7988826632499695, 0.7932960987091064, 0.7988826632499695, 0.7988826632499695, 0.8044692873954773, 0.7988826632499695, 0.7932960987091064]}