{"loss": [0.7205252647399902, 0.7443348169326782, 0.7635858654975891, 0.6987197995185852, 0.7297189831733704, 0.6757732629776001], "binary_accuracy": [0.4955357015132904, 0.4598214328289032, 0.5133928656578064, 0.5401785969734192, 0.5044642686843872, 0.5917431116104126], "val_loss": [0.6883082389831543, 0.6453081965446472, 0.6722044944763184, 0.6714305281639099, 0.6949494481086731, 0.6791782975196838], "val_binary_accuracy": [0.65625, 0.6875, 0.6041666865348816, 0.625, 0.4270833432674408, 0.6145833134651184]}