{"loss": [0.7603349089622498, 0.68843013048172, 0.683319091796875, 0.6843603253364563, 0.6628672480583191, 0.6164958477020264, 0.5804709196090698, 0.4849355220794678, 0.39663878083229065, 0.3452816605567932, 0.23214782774448395, 0.1603788435459137], "binary_accuracy": [0.5378590226173401, 0.5352480411529541, 0.547432541847229, 0.575282871723175, 0.607484757900238, 0.6631853580474854, 0.7040905356407166, 0.7536988854408264, 0.8276762366294861, 0.8459529876708984, 0.902523934841156, 0.937336802482605], "val_loss": [0.6931542158126831, 0.6892983317375183, 0.6664419770240784, 0.639508068561554, 0.656477153301239, 0.6859567165374756, 0.6942971348762512, 0.7572243213653564, 0.8223938941955566, 1.1064355373382568, 1.4439308643341064, 1.633683204650879], "val_binary_accuracy": [0.4796747863292694, 0.5447154641151428, 0.6991869807243347, 0.642276406288147, 0.6747967600822449, 0.6178861856460571, 0.5853658318519592, 0.6016260385513306, 0.5447154641151428, 0.6178861856460571, 0.5609756112098694, 0.6260162591934204]}