{"loss": [0.6938710808753967, 0.6779273152351379, 0.6736263632774353, 0.6668229103088379, 0.6659571528434753, 0.6659481525421143, 0.6682057976722717, 0.6639232039451599, 0.6605531573295593, 0.6591302156448364, 0.6604653596878052, 0.6591667532920837, 0.6587378978729248, 0.657945990562439, 0.6607443690299988, 0.6597875356674194, 0.6585025191307068, 0.6589087247848511, 0.6593174338340759, 0.6573066115379333, 0.6596250534057617, 0.659683108329773, 0.6562463641166687, 0.6592718958854675, 0.654391884803772, 0.6569533944129944, 0.6568687558174133, 0.6529507040977478, 0.6574234366416931, 0.6556649208068848, 0.656754195690155, 0.6568735241889954, 0.6569694876670837, 0.6551514863967896, 0.6533978581428528, 0.6589969396591187, 0.6539430022239685, 0.6554181575775146, 0.6573542356491089, 0.652271032333374, 0.6523511409759521, 0.654632031917572, 0.6544442772865295, 0.6548551917076111, 0.6505060791969299, 0.6547451615333557, 0.6527101397514343], "binary_accuracy": [0.5692027807235718, 0.5836460590362549, 0.5887637734413147, 0.5989992022514343, 0.5970658659934998, 0.5975207686424255, 0.5960423350334167, 0.6018424034118652, 0.6071875095367432, 0.604344367980957, 0.6061639785766602, 0.6121914982795715, 0.6044580936431885, 0.606391429901123, 0.6054816246032715, 0.6075286865234375, 0.6069600582122803, 0.6035482883453369, 0.6058228015899658, 0.6080973744392395, 0.6036620140075684, 0.6046855449676514, 0.6061639785766602, 0.6044580936431885, 0.606391429901123, 0.6070737838745117, 0.6052541732788086, 0.6129875779151917, 0.6028659343719482, 0.6107130646705627, 0.6080973744392395, 0.6128738522529602, 0.609234631061554, 0.6091209053993225, 0.613328754901886, 0.6071875095367432, 0.6109405159950256, 0.6126464009284973, 0.6084385514259338, 0.6101444363594055, 0.6137837171554565, 0.6080973744392395, 0.612305223941803, 0.6090071797370911, 0.6168543100357056, 0.6045718193054199, 0.6110542416572571], "val_loss": [0.673291802406311, 0.6839154958724976, 0.6583127379417419, 0.655590832233429, 0.662261426448822, 0.6569593548774719, 0.6498948931694031, 0.6550294160842896, 0.6444736123085022, 0.6429542303085327, 0.64158034324646, 0.6408258676528931, 0.6524894833564758, 0.6417589783668518, 0.6392040252685547, 0.6456056833267212, 0.6505627036094666, 0.6440688371658325, 0.6379094123840332, 0.6621800661087036, 0.6379302740097046, 0.6503664255142212, 0.639500081539154, 0.6498974561691284, 0.6428560018539429, 0.6510926485061646, 0.6382128596305847, 0.641925573348999, 0.6357238292694092, 0.6519458889961243, 0.6505856513977051, 0.6352675557136536, 0.6576772928237915, 0.6407461166381836, 0.6691040396690369, 0.6376269459724426, 0.635323703289032, 0.6361016631126404, 0.6372004151344299, 0.6418258547782898, 0.6820708513259888, 0.6353231072425842, 0.6611992716789246, 0.6592601537704468, 0.6477020382881165, 0.6356711387634277, 0.6340135931968689], "val_binary_accuracy": [0.579770565032959, 0.579770565032959, 0.6371219754219055, 0.5860270857810974, 0.638164758682251, 0.5849843621253967, 0.594369113445282, 0.5849843621253967, 0.6079249382019043, 0.618352472782135, 0.6590198278427124, 0.6392074823379517, 0.5922836065292358, 0.6339937448501587, 0.6371219754219055, 0.5985401272773743, 0.5922836065292358, 0.6016684174537659, 0.6465067863464355, 0.579770565032959, 0.6339937448501587, 0.5933263897895813, 0.6298227310180664, 0.6392074823379517, 0.6058394312858582, 0.5912408828735352, 0.667361855506897, 0.6047966480255127, 0.6506778001785278, 0.6256517171859741, 0.5901980996131897, 0.6475495100021362, 0.5839415788650513, 0.667361855506897, 0.5808133482933044, 0.6308655142784119, 0.6360792517662048, 0.6621480584144592, 0.6277372241020203, 0.6058394312858582, 0.579770565032959, 0.6652763485908508, 0.5808133482933044, 0.5818560719490051, 0.5912408828735352, 0.6402502655982971, 0.6590198278427124]}