{"loss": [0.6150495409965515, 0.5816172361373901, 0.5761389136314392, 0.5745866894721985, 0.5682536959648132, 0.5695512890815735, 0.5690754652023315, 0.5648133158683777, 0.565157949924469, 0.5640717148780823, 0.5647488236427307, 0.5646227598190308, 0.5692801475524902, 0.5608969926834106, 0.5610525012016296, 0.5596444010734558, 0.5600197315216064, 0.5617043375968933, 0.5604249238967896, 0.560649037361145, 0.5603994131088257, 0.5612282752990723, 0.5546937584877014, 0.5548818707466125, 0.5551955103874207, 0.554390549659729, 0.549223005771637, 0.5515196919441223, 0.5507863759994507, 0.5512129068374634, 0.5486909747123718, 0.5452607274055481, 0.5458477139472961, 0.5425827503204346, 0.5412417054176331, 0.5400305986404419, 0.5362532138824463, 0.5363091230392456, 0.5408695340156555, 0.5351192355155945, 0.5322252511978149, 0.5314072966575623, 0.5271520018577576, 0.5255573391914368, 0.5299862027168274, 0.526418924331665, 0.5236831903457642, 0.5237917900085449, 0.5251947045326233, 0.5210457444190979, 0.5196139216423035, 0.5156970024108887, 0.5211145281791687, 0.5180761814117432, 0.5176939368247986, 0.5156605243682861, 0.5149738192558289, 0.5159682631492615, 0.5115949511528015, 0.5144878625869751, 0.5114364624023438, 0.5086820125579834, 0.5100123882293701, 0.5062525272369385, 0.5134919881820679], "binary_accuracy": [0.7356252670288086, 0.7360273599624634, 0.7360273599624634, 0.7360273599624634, 0.7360273599624634, 0.7360273599624634, 0.7360273599624634, 0.7360273599624634, 0.7360273599624634, 0.7360273599624634, 0.7360273599624634, 0.7360273599624634, 0.7360273599624634, 0.7360273599624634, 0.7360273599624634, 0.7360273599624634, 0.7360273599624634, 0.7360273599624634, 0.7360273599624634, 0.7360273599624634, 0.7362284064292908, 0.7360273599624634, 0.7378367781639099, 0.7382388710975647, 0.7398471832275391, 0.7386409044265747, 0.7430639266967773, 0.7386409044265747, 0.7398471832275391, 0.7466827630996704, 0.7446722984313965, 0.7400482296943665, 0.7440691590309143, 0.7470848560333252, 0.753518283367157, 0.7498995065689087, 0.7511057257652283, 0.7509046792984009, 0.7503015398979187, 0.7527140974998474, 0.7537193298339844, 0.7565339803695679, 0.7573381662368774, 0.7563329339027405, 0.7555287480354309, 0.7575392127037048, 0.7563329339027405, 0.7585444450378418, 0.7573381662368774, 0.7609570026397705, 0.7577402591705322, 0.7615601420402527, 0.7649778723716736, 0.7629674077033997, 0.7601528167724609, 0.7657820582389832, 0.7635705471038818, 0.7629674077033997, 0.7643747329711914, 0.7655810117721558, 0.7647768259048462, 0.7667872905731201, 0.7653799653053284, 0.7671893835067749, 0.7637715935707092], "val_loss": [0.6064494848251343, 0.607240617275238, 0.6107622981071472, 0.6010858416557312, 0.5934473872184753, 0.5956595540046692, 0.6020371913909912, 0.591116726398468, 0.5949580073356628, 0.5937330722808838, 0.5904213786125183, 0.5956087708473206, 0.5902721881866455, 0.5944783091545105, 0.5942840576171875, 0.5938616991043091, 0.5903339982032776, 0.587527871131897, 0.5882241129875183, 0.5885841846466064, 0.585237979888916, 0.5798867344856262, 0.5847733616828918, 0.576708197593689, 0.572985053062439, 0.5849374532699585, 0.5741169452667236, 0.5808924436569214, 0.5759971141815186, 0.580822765827179, 0.5824697613716125, 0.5817077159881592, 0.5756050944328308, 0.5705949068069458, 0.5684242844581604, 0.5616282820701599, 0.576360821723938, 0.5732219815254211, 0.5724055171012878, 0.577740490436554, 0.5723974704742432, 0.5620209574699402, 0.5720226764678955, 0.5791087746620178, 0.5542677044868469, 0.5776686072349548, 0.5770696997642517, 0.5594204664230347, 0.572879433631897, 0.5653466582298279, 0.5969600081443787, 0.5630249977111816, 0.6043599843978882, 0.5830637216567993, 0.5788975358009338, 0.57428377866745, 0.5712660551071167, 0.5761106014251709, 0.5993415713310242, 0.5901963114738464, 0.5739791393280029, 0.629909098148346, 0.5752450823783875, 0.5937936902046204, 0.5776686072349548], "val_binary_accuracy": [0.6994727849960327, 0.6994727849960327, 0.6994727849960327, 0.6994727849960327, 0.6994727849960327, 0.6994727849960327, 0.6994727849960327, 0.6994727849960327, 0.6994727849960327, 0.6994727849960327, 0.6994727849960327, 0.6994727849960327, 0.6994727849960327, 0.6994727849960327, 0.6994727849960327, 0.6994727849960327, 0.6994727849960327, 0.6994727849960327, 0.6994727849960327, 0.6994727849960327, 0.6994727849960327, 0.6994727849960327, 0.7135325074195862, 0.6994727849960327, 0.7258347868919373, 0.7100175619125366, 0.7100175619125366, 0.7188048958778381, 0.7152900099754333, 0.7117750644683838, 0.7135325074195862, 0.7223198413848877, 0.7205623984336853, 0.7328646779060364, 0.7328646779060364, 0.7416520118713379, 0.7188048958778381, 0.7205623984336853, 0.7293497323989868, 0.7223198413848877, 0.7381370663642883, 0.731107234954834, 0.7398945689201355, 0.7275922894477844, 0.7469244003295898, 0.7434095144271851, 0.7258347868919373, 0.7434095144271851, 0.7346221208572388, 0.7398945689201355, 0.7240773439407349, 0.7451669573783875, 0.7135325074195862, 0.7223198413848877, 0.7293497323989868, 0.7434095144271851, 0.7416520118713379, 0.7346221208572388, 0.7258347868919373, 0.7434095144271851, 0.7416520118713379, 0.7363796234130859, 0.7416520118713379, 0.7223198413848877, 0.7451669573783875]}