{"loss": [0.6685709953308105, 0.6756880879402161, 0.6483176946640015, 0.6609840989112854, 0.6594209671020508, 0.6634567975997925, 0.5848986506462097, 0.5585256218910217, 0.6139956116676331, 0.5928105115890503, 0.5525975227355957, 0.5682448744773865, 0.5645549893379211, 0.5852012634277344, 0.5487722754478455, 0.560505211353302, 0.5817293524742126, 0.5316358804702759, 0.5436004400253296, 0.5788602232933044], "binary_accuracy": [0.6116071343421936, 0.6696428656578064, 0.6294642686843872, 0.6116071343421936, 0.6071428656578064, 0.6205357313156128, 0.6696428656578064, 0.7098214030265808, 0.7053571343421936, 0.7142857313156128, 0.7455357313156128, 0.7272727489471436, 0.7276785969734192, 0.6919642686843872, 0.7366071343421936, 0.7008928656578064, 0.6785714030265808, 0.7232142686843872, 0.7767857313156128, 0.7033492922782898], "val_loss": [0.6684996485710144, 0.5911369919776917, 0.5898638963699341, 0.5828813314437866, 0.5290309190750122, 0.5502809882164001, 0.5372478365898132, 0.5001361966133118, 0.5379348397254944, 0.524037778377533, 0.5012431144714355, 0.47707390785217285, 0.5038842558860779, 0.4660356044769287, 0.4658764600753784, 0.45381173491477966, 0.44580236077308655, 0.41878440976142883, 0.4624476432800293, 0.4076840877532959], "val_binary_accuracy": [0.6354166865348816, 0.6875, 0.6979166865348816, 0.7395833134651184, 0.84375, 0.7708333134651184, 0.7916666865348816, 0.8333333134651184, 0.8229166865348816, 0.8229166865348816, 0.7708333134651184, 0.8541666865348816, 0.8125, 0.8333333134651184, 0.8229166865348816, 0.8541666865348816, 0.8541666865348816, 0.875, 0.8333333134651184, 0.8854166865348816]}