{"loss": [0.7048438787460327, 0.692608654499054, 0.6915872693061829, 0.6902904510498047, 0.6886254549026489, 0.6861618757247925, 0.6849212050437927, 0.688202440738678, 0.6834216117858887, 0.6802293062210083, 0.6776130795478821, 0.6852820515632629, 0.6781446933746338, 0.6803493499755859, 0.6793423295021057, 0.6729696989059448, 0.6678566932678223, 0.6808577179908752, 0.6711834073066711], "binary_accuracy": [0.518750011920929, 0.5249999761581421, 0.512499988079071, 0.5443037748336792, 0.5522152185440063, 0.547656238079071, 0.55859375, 0.5482594966888428, 0.567187488079071, 0.5601562261581421, 0.5814873576164246, 0.5648437738418579, 0.573437511920929, 0.578906238079071, 0.565625011920929, 0.59375, 0.5835937261581421, 0.5703125, 0.5862341523170471], "val_loss": [0.6929532885551453, 0.6871253252029419, 0.6904693841934204, 0.6895241141319275, 0.6866936087608337, 0.680546760559082, 0.6819539070129395, 0.684366762638092, 0.6734069585800171, 0.6781340837478638, 0.6928002238273621, 0.6879625916481018, 0.6612270474433899, 0.6805248260498047, 0.6682927012443542, 0.6620170474052429, 0.6692577600479126, 0.6602047085762024, 0.6568220257759094], "val_binary_accuracy": [0.5066964030265808, 0.5758928656578064, 0.5803571343421936, 0.546875, 0.5602678656578064, 0.5758928656578064, 0.5691964030265808, 0.5691964030265808, 0.5602678656578064, 0.5558035969734192, 0.53125, 0.5334821343421936, 0.6071428656578064, 0.5669642686843872, 0.6026785969734192, 0.5758928656578064, 0.5848214030265808, 0.6227678656578064, 0.5959821343421936]}