{"loss": [0.6251718997955322, 0.5621548891067505, 0.5500901937484741, 0.533573567867279, 0.5301539301872253, 0.5222780704498291, 0.5210660099983215, 0.522301435470581, 0.5209363102912903, 0.5212703943252563, 0.5168103575706482, 0.5173165202140808, 0.5218560695648193, 0.5161041617393494, 0.5192434191703796, 0.5174386501312256, 0.5132172703742981, 0.51932293176651, 0.5204052329063416, 0.5114158987998962, 0.5148776173591614, 0.507110059261322, 0.5092033743858337, 0.5158884525299072, 0.5183179974555969, 0.5156556963920593, 0.5108622312545776, 0.5080711841583252, 0.5189115405082703, 0.5198639631271362, 0.5165811777114868, 0.5148155689239502, 0.5102662444114685, 0.5153104662895203, 0.5179055333137512, 0.5095717310905457, 0.5122793912887573, 0.5177047252655029, 0.5150688290596008], "binary_accuracy": [0.6526795625686646, 0.7117446064949036, 0.7217788100242615, 0.7397947311401367, 0.7332953214645386, 0.7440136671066284, 0.7434435486793518, 0.74104905128479, 0.741733193397522, 0.7405929565429688, 0.745724081993103, 0.7441276907920837, 0.7435575723648071, 0.748916745185852, 0.7427594065666199, 0.7435575723648071, 0.7480045557022095, 0.7452679872512817, 0.7452679872512817, 0.7498289346694946, 0.7511972784996033, 0.748916745185852, 0.7484606504440308, 0.7424173355102539, 0.7408210039138794, 0.745724081993103, 0.7506271600723267, 0.7571265697479248, 0.7497149109840393, 0.7454960346221924, 0.7446978092193604, 0.7450398802757263, 0.755074143409729, 0.7483466267585754, 0.7435575723648071, 0.7517673969268799, 0.746066153049469, 0.7451539635658264, 0.753933846950531], "val_loss": [0.5719549655914307, 0.5447418093681335, 0.5555598139762878, 0.539298415184021, 0.5401254892349243, 0.5323303937911987, 0.5226268768310547, 0.5375893712043762, 0.5100392699241638, 0.5284180045127869, 0.5220550894737244, 0.514885663986206, 0.5648331046104431, 0.5283487439155579, 0.5863425731658936, 0.5063856244087219, 0.5522975325584412, 0.5862613320350647, 0.5054939985275269, 0.5452232360839844, 0.5149071216583252, 0.5762329697608948, 0.5666466951370239, 0.501870334148407, 0.5440560579299927, 0.5071457624435425, 0.5096897482872009, 0.5437152981758118, 0.5081287026405334, 0.5444259643554688, 0.6326392889022827, 0.515583336353302, 0.5519887804985046, 0.5133832097053528, 0.5529726147651672, 0.5281789302825928, 0.5241720676422119, 0.5265486240386963, 0.5741904973983765], "val_binary_accuracy": [0.7118126153945923, 0.7423624992370605, 0.7260692715644836, 0.7413442134857178, 0.7403258681297302, 0.746435821056366, 0.7586557865142822, 0.7443991899490356, 0.7586557865142822, 0.7484725117683411, 0.7586557865142822, 0.7617108225822449, 0.7240325808525085, 0.746435821056366, 0.7158859372138977, 0.7627291083335876, 0.7331975698471069, 0.7158859372138977, 0.7647657990455627, 0.7342159152030945, 0.7617108225822449, 0.7209776043891907, 0.7240325808525085, 0.7556008100509644, 0.7372708916664124, 0.7617108225822449, 0.7566191554069519, 0.7393075227737427, 0.7556008100509644, 0.7382891774177551, 0.6945010423660278, 0.7576375007629395, 0.7403258681297302, 0.7556008100509644, 0.7362525463104248, 0.7566191554069519, 0.7566191554069519, 0.7545824646949768, 0.7260692715644836]}