{"loss": [0.7355058789253235, 0.7300577759742737, 0.7041234970092773, 0.7034806609153748, 0.6906639933586121, 0.7027220129966736, 0.6949914693832397, 0.6967340111732483, 0.6876307129859924, 0.6918090581893921, 0.6822143197059631, 0.6812686920166016, 0.691329300403595, 0.6787629127502441, 0.6812732219696045, 0.6726741790771484, 0.6783416271209717, 0.6833128929138184, 0.6785972118377686, 0.6715748906135559, 0.6717274188995361, 0.6723057627677917, 0.6737265586853027, 0.6814584136009216, 0.6826696991920471, 0.6750290393829346, 0.6730015873908997, 0.6687973141670227, 0.6662794947624207, 0.6709405779838562, 0.6751787066459656, 0.6696304082870483, 0.6665005087852478, 0.6843007206916809, 0.6743855476379395, 0.6715319156646729, 0.6640870571136475, 0.6678857803344727, 0.6755062937736511, 0.6649727821350098, 0.6721745729446411, 0.6688581705093384, 0.6599147319793701, 0.6643725037574768, 0.6609474420547485, 0.6691209077835083, 0.6657657623291016, 0.661130964756012, 0.674022376537323, 0.6674623489379883, 0.6652295589447021, 0.6667413115501404, 0.662939727306366, 0.6664382219314575, 0.6667602062225342, 0.6657912731170654, 0.6601823568344116, 0.6726973652839661, 0.6636308431625366, 0.6611961126327515, 0.6599478125572205, 0.6684660911560059, 0.663377583026886, 0.6614573001861572, 0.6649801135063171, 0.6609417796134949, 0.6629318594932556, 0.6647971272468567, 0.6609084010124207, 0.6616762280464172, 0.6599140167236328, 0.6564714908599854, 0.6591284275054932, 0.6585082411766052, 0.6562781929969788, 0.6556755900382996, 0.6560370922088623, 0.6593409776687622, 0.653304398059845, 0.6548530459403992, 0.6611447930335999, 0.6571285724639893, 0.6584588885307312, 0.6613730192184448, 0.6556146144866943, 0.6612603068351746, 0.656444251537323, 0.6592869162559509, 0.6550743579864502, 0.656219482421875, 0.6551587581634521, 0.6617004871368408, 0.6649320125579834, 0.6583245396614075, 0.6579598188400269, 0.6600146293640137, 0.6528393030166626, 0.6562718749046326, 0.6537037491798401, 0.6528538465499878], "binary_accuracy": [0.5, 0.4774305522441864, 0.5138888955116272, 0.5321180820465088, 0.5477430820465088, 0.5234375, 0.5390625, 0.5190972089767456, 0.5512152910232544, 0.5251736044883728, 0.5321180820465088, 0.5520833134651184, 0.5555555820465088, 0.5486111044883728, 0.5477430820465088, 0.5685763955116272, 0.5451388955116272, 0.5173611044883728, 0.5529513955116272, 0.5703125, 0.5677083134651184, 0.5625, 0.5598958134651184, 0.5572916865348816, 0.5538194179534912, 0.5598958134651184, 0.5651041865348816, 0.5677083134651184, 0.5711805820465088, 0.5833333134651184, 0.5598958134651184, 0.5685763955116272, 0.5720486044883728, 0.53125, 0.5520833134651184, 0.5581597089767456, 0.5798611044883728, 0.5625, 0.5512152910232544, 0.5772569179534912, 0.5546875, 0.5755208134651184, 0.5868055820465088, 0.5677083134651184, 0.5807291865348816, 0.5607638955116272, 0.5798611044883728, 0.5746527910232544, 0.5711805820465088, 0.5590277910232544, 0.5607638955116272, 0.5659722089767456, 0.5833333134651184, 0.578125, 0.5685763955116272, 0.5720486044883728, 0.5763888955116272, 0.5555555820465088, 0.5807291865348816, 0.5815972089767456, 0.5772569179534912, 0.5685763955116272, 0.5902777910232544, 0.5737847089767456, 0.5668402910232544, 0.5850694179534912, 0.5729166865348816, 0.5729166865348816, 0.5946180820465088, 0.5711805820465088, 0.5729166865348816, 0.578125, 0.5798611044883728, 0.5859375, 0.5815972089767456, 0.5972222089767456, 0.6041666865348816, 0.5859375, 0.6076388955116272, 0.5946180820465088, 0.5659722089767456, 0.5876736044883728, 0.578125, 0.578125, 0.5928819179534912, 0.5850694179534912, 0.5946180820465088, 0.5711805820465088, 0.5850694179534912, 0.5920138955116272, 0.5911458134651184, 0.5833333134651184, 0.5694444179534912, 0.5946180820465088, 0.5894097089767456, 0.5755208134651184, 0.5928819179534912, 0.5833333134651184, 0.578125, 0.5833333134651184], "val_loss": [0.6872705817222595, 0.6858673691749573, 0.6907771229743958, 0.6998900175094604, 0.6854015588760376, 0.6839689016342163, 0.6946181058883667, 0.6993362307548523, 0.6840149760246277, 0.6835548281669617, 0.683616042137146, 0.6830846667289734, 0.6909856200218201, 0.6872128844261169, 0.6847792863845825, 0.6910473704338074, 0.6831445097923279, 0.69239741563797, 0.6810932159423828, 0.6855326294898987, 0.6794318556785583, 0.6799725294113159, 0.6784659028053284, 0.6786449551582336, 0.6821659803390503, 0.6789368391036987, 0.679726243019104, 0.692104160785675, 0.7046274542808533, 0.6780470013618469, 0.6854285001754761, 0.6810559034347534, 0.6827808618545532, 0.6782639622688293, 0.6920471787452698, 0.6764222979545593, 0.6761630177497864, 0.6795300841331482, 0.6811534762382507, 0.6762660145759583, 0.6762074828147888, 0.6889607906341553, 0.6773945093154907, 0.6759209036827087, 0.6771148443222046, 0.6845787167549133, 0.6758131384849548, 0.6752462983131409, 0.6787286400794983, 0.6751295328140259, 0.68153977394104, 0.6759908199310303, 0.6797395944595337, 0.6937389373779297, 0.6774757504463196, 0.6903115510940552, 0.6766769289970398, 0.6896995902061462, 0.6741709113121033, 0.6863449215888977, 0.6785441040992737, 0.6737223863601685, 0.6737028956413269, 0.6768564581871033, 0.6738262176513672, 0.6737760305404663, 0.6927295923233032, 0.6734193563461304, 0.684794008731842, 0.6733917593955994, 0.6845069527626038, 0.6727702021598816, 0.6749950051307678, 0.6731502413749695, 0.6772149801254272, 0.6735155582427979, 0.6799729466438293, 0.6739583611488342, 0.6736143231391907, 0.6846198439598083, 0.6757385730743408, 0.6743255257606506, 0.6953686475753784, 0.6747000813484192, 0.6769866347312927, 0.6740871071815491, 0.6758705377578735, 0.672124445438385, 0.6768316626548767, 0.6773446202278137, 0.6754959225654602, 0.6750074028968811, 0.6719024777412415, 0.6748924255371094, 0.6922090649604797, 0.6720152497291565, 0.6879721283912659, 0.6710520386695862, 0.6743068695068359, 0.671001672744751], "val_binary_accuracy": [0.5583333373069763, 0.5583333373069763, 0.5416666865348816, 0.4416666626930237, 0.5583333373069763, 0.5666666626930237, 0.5583333373069763, 0.4416666626930237, 0.574999988079071, 0.5666666626930237, 0.5583333373069763, 0.5666666626930237, 0.5583333373069763, 0.6000000238418579, 0.5833333134651184, 0.46666666865348816, 0.5833333134651184, 0.4333333373069763, 0.5583333373069763, 0.6083333492279053, 0.5916666388511658, 0.5833333134651184, 0.5583333373069763, 0.5666666626930237, 0.625, 0.574999988079071, 0.5583333373069763, 0.4333333373069763, 0.4416666626930237, 0.5833333134651184, 0.574999988079071, 0.6333333253860474, 0.5583333373069763, 0.6000000238418579, 0.4416666626930237, 0.5833333134651184, 0.574999988079071, 0.5666666626930237, 0.6499999761581421, 0.5833333134651184, 0.574999988079071, 0.44999998807907104, 0.5666666626930237, 0.5833333134651184, 0.5666666626930237, 0.5583333373069763, 0.5833333134651184, 0.574999988079071, 0.5666666626930237, 0.574999988079071, 0.6583333611488342, 0.574999988079071, 0.5583333373069763, 0.4333333373069763, 0.5666666626930237, 0.4333333373069763, 0.574999988079071, 0.4333333373069763, 0.5916666388511658, 0.5416666865348816, 0.6499999761581421, 0.574999988079071, 0.5833333134651184, 0.574999988079071, 0.574999988079071, 0.574999988079071, 0.4333333373069763, 0.5833333134651184, 0.5249999761581421, 0.574999988079071, 0.5249999761581421, 0.5916666388511658, 0.6333333253860474, 0.574999988079071, 0.574999988079071, 0.574999988079071, 0.6166666746139526, 0.5916666388511658, 0.6000000238418579, 0.5416666865348816, 0.6583333611488342, 0.574999988079071, 0.4333333373069763, 0.574999988079071, 0.574999988079071, 0.625, 0.574999988079071, 0.6000000238418579, 0.574999988079071, 0.6583333611488342, 0.6666666865348816, 0.574999988079071, 0.6000000238418579, 0.6666666865348816, 0.5666666626930237, 0.6000000238418579, 0.44999998807907104, 0.5833333134651184, 0.574999988079071, 0.574999988079071]}