{"loss": [0.7264798879623413, 0.6991305351257324, 0.6924411654472351, 0.6900414228439331, 0.6877533793449402, 0.6906434297561646, 0.6850873231887817, 0.6861370801925659, 0.6857531666755676, 0.6843776106834412, 0.6837136745452881, 0.6808747053146362, 0.6810666918754578, 0.6828314065933228, 0.678939163684845, 0.6791000366210938, 0.6824765205383301, 0.6772229075431824, 0.6809780597686768, 0.6812744736671448, 0.6780034303665161, 0.6769654154777527, 0.6754995584487915, 0.6809180974960327, 0.6786649227142334, 0.6761037707328796, 0.6780068278312683, 0.6777258515357971, 0.6768744587898254, 0.6776940226554871, 0.6741251945495605, 0.6750778555870056, 0.6722664833068848, 0.6760700345039368, 0.6739878058433533, 0.6794610619544983, 0.6721870303153992, 0.6733756065368652, 0.6741476655006409, 0.6725131273269653, 0.6767509579658508, 0.6718310713768005, 0.6694319248199463, 0.6713261604309082, 0.6736471652984619, 0.6729782819747925, 0.6693995594978333, 0.6713053584098816, 0.6740983128547668, 0.6734007596969604, 0.6738981008529663, 0.671726405620575, 0.6759135127067566, 0.6724274754524231, 0.6742414832115173, 0.6700745820999146, 0.6695210337638855, 0.6708316206932068, 0.67110276222229, 0.6719858646392822, 0.6702567338943481, 0.6713981032371521, 0.6708378791809082, 0.6722248196601868, 0.6671885848045349, 0.6708049774169922, 0.6674248576164246, 0.6678061485290527, 0.6685076355934143, 0.6704220175743103, 0.6710497736930847, 0.6664204597473145, 0.6679317355155945, 0.6684000492095947, 0.6697928309440613, 0.6654865145683289, 0.6703974008560181, 0.6679405570030212, 0.6683624386787415, 0.6684316992759705, 0.6688728928565979], "binary_accuracy": [0.4969560503959656, 0.5165431499481201, 0.5240868330001831, 0.5227633714675903, 0.5259396433830261, 0.5279248356819153, 0.548967719078064, 0.5423504710197449, 0.5430122017860413, 0.5492324233055115, 0.545659065246582, 0.5547909140586853, 0.5543938875198364, 0.5488353371620178, 0.5664372444152832, 0.5632609724998474, 0.5545262098312378, 0.5655108690261841, 0.562599241733551, 0.5591582655906677, 0.556511402130127, 0.5690841674804688, 0.5632609724998474, 0.5566437244415283, 0.5664372444152832, 0.5616728663444519, 0.5632609724998474, 0.5614081621170044, 0.5665696263313293, 0.5657755136489868, 0.5730545520782471, 0.5680254101753235, 0.5678930878639221, 0.570142924785614, 0.5714663863182068, 0.5580995082855225, 0.5710693597793579, 0.5693488717079163, 0.571995735168457, 0.5684224367141724, 0.5715987086296082, 0.5780836343765259, 0.582848072052002, 0.5764955282211304, 0.5708046555519104, 0.5663049221038818, 0.5815246105194092, 0.5746426582336426, 0.5702753067016602, 0.5727898478507996, 0.5745103359222412, 0.5712016820907593, 0.5651138424873352, 0.5717310905456543, 0.5657755136489868, 0.5796718001365662, 0.5825833678245544, 0.5749073624610901, 0.5746426582336426, 0.5790100693702698, 0.5759661197662354, 0.5764955282211304, 0.5775542855262756, 0.5779513120651245, 0.5906564593315125, 0.5770248770713806, 0.5839068293571472, 0.5835098028182983, 0.58523029088974, 0.5760984420776367, 0.5799364447593689, 0.5853626132011414, 0.5837745070457458, 0.5770248770713806, 0.5710693597793579, 0.5903917551040649, 0.5715987086296082, 0.5869507789611816, 0.5803335309028625, 0.5823186635971069, 0.5770248770713806], "val_loss": [0.6957100033760071, 0.690647304058075, 0.6989774107933044, 0.6936239004135132, 0.6927295923233032, 0.6910774111747742, 0.6975218057632446, 0.6882537007331848, 0.6884139776229858, 0.6957949995994568, 0.7085546851158142, 0.6898083090782166, 0.6875127553939819, 0.6901242733001709, 0.6866430044174194, 0.6867193579673767, 0.6922720074653625, 0.6863608956336975, 0.6928103566169739, 0.6857001185417175, 0.6891348361968994, 0.6846343874931335, 0.6846020817756653, 0.684934139251709, 0.6898145079612732, 0.6910123825073242, 0.6854065656661987, 0.6891919374465942, 0.6890435814857483, 0.6904259324073792, 0.6844008564949036, 0.6841517686843872, 0.6894474625587463, 0.6837043166160583, 0.6881495118141174, 0.6953142285346985, 0.6864677667617798, 0.7046393752098083, 0.6835198402404785, 0.6984304785728455, 0.6880745887756348, 0.7186329960823059, 0.6841328144073486, 0.7002472877502441, 0.6947146654129028, 0.6844817399978638, 0.6862693428993225, 0.6907676458358765, 0.6838142275810242, 0.6831541061401367, 0.6914058327674866, 0.6947886943817139, 0.6836891174316406, 0.6945119500160217, 0.6891983151435852, 0.685862123966217, 0.6914386749267578, 0.6852831840515137, 0.6988914608955383, 0.6976072192192078, 0.6830296516418457, 0.7048195004463196, 0.6845982074737549, 0.6867095232009888, 0.6857505440711975, 0.6954115629196167, 0.6834009885787964, 0.6892374157905579, 0.686907172203064, 0.6860190629959106, 0.6892672777175903, 0.6998155117034912, 0.6891671419143677, 0.6847662925720215, 0.6901053190231323, 0.6925831437110901, 0.6846656799316406, 0.6846088767051697, 0.6868085861206055, 0.686823844909668, 0.6904513239860535], "val_binary_accuracy": [0.5103280544281006, 0.5492101907730103, 0.4981774091720581, 0.5042527318000793, 0.5285540819168091, 0.57351154088974, 0.4969623386859894, 0.57351154088974, 0.5686512589454651, 0.5066828727722168, 0.4981774091720581, 0.5747265815734863, 0.57351154088974, 0.5516403317451477, 0.5674362182617188, 0.5771567225456238, 0.5261239409446716, 0.5710813999176025, 0.5261239409446716, 0.5747265815734863, 0.557715654373169, 0.5783718228340149, 0.5710813999176025, 0.5832321047782898, 0.5565006136894226, 0.543134868144989, 0.5747265815734863, 0.557715654373169, 0.5516403317451477, 0.557715654373169, 0.57351154088974, 0.5795868635177612, 0.557715654373169, 0.5710813999176025, 0.5674362182617188, 0.527338981628418, 0.57351154088974, 0.5358444452285767, 0.57351154088974, 0.5261239409446716, 0.5686512589454651, 0.5006075501441956, 0.5686512589454651, 0.5176184773445129, 0.5394896864891052, 0.5783718228340149, 0.5722965002059937, 0.563791036605835, 0.5795868635177612, 0.5771567225456238, 0.5625759363174438, 0.5419198274612427, 0.5808019638061523, 0.5540704727172852, 0.5613608956336975, 0.5759416818618774, 0.5552855134010315, 0.5722965002059937, 0.5309842228889465, 0.5516403317451477, 0.5747265815734863, 0.5139732956886292, 0.5722965002059937, 0.5662211179733276, 0.5698663592338562, 0.5540704727172852, 0.5880923271179199, 0.5662211179733276, 0.5710813999176025, 0.5686512589454651, 0.5686512589454651, 0.533414363861084, 0.57351154088974, 0.5783718228340149, 0.5686512589454651, 0.5662211179733276, 0.5795868635177612, 0.5832321047782898, 0.5710813999176025, 0.5722965002059937, 0.5589307546615601]}