{"loss": [0.642475962638855, 0.5794109106063843, 0.5640579462051392, 0.5488913655281067, 0.5435451865196228, 0.5448876619338989, 0.5343807935714722, 0.537533164024353, 0.5353370904922485, 0.5310766696929932, 0.5456866025924683, 0.5297581553459167, 0.5198272466659546, 0.5176274180412292, 0.5206347703933716, 0.5163007974624634, 0.5269556045532227, 0.5119399428367615, 0.5125902891159058, 0.5189666152000427, 0.502845823764801, 0.5176163911819458, 0.5112375020980835, 0.5032910704612732, 0.5198931694030762, 0.5074313879013062, 0.5115950107574463, 0.514376163482666, 0.5186914205551147, 0.512328565120697, 0.5056411027908325, 0.5126280188560486, 0.5109327435493469, 0.5188425779342651, 0.5152440667152405, 0.5204362273216248, 0.5105668306350708, 0.502155601978302], "binary_accuracy": [0.6341683864593506, 0.7095463871955872, 0.7221845984458923, 0.728955090045929, 0.7415933012962341, 0.733468770980835, 0.7402392029762268, 0.7406905889511108, 0.7404649257659912, 0.7454299330711365, 0.7359512448310852, 0.7433987855911255, 0.759422242641449, 0.7560369968414307, 0.755811333656311, 0.7528774738311768, 0.7472353577613831, 0.7612277269363403, 0.757391095161438, 0.7544572353363037, 0.761904776096344, 0.757842481136322, 0.7576168179512024, 0.7623561024665833, 0.7522004246711731, 0.7610020041465759, 0.7661927342414856, 0.7485894560813904, 0.7463326454162598, 0.757842481136322, 0.7596479058265686, 0.7596479058265686, 0.761904776096344, 0.7540058493614197, 0.7560369968414307, 0.7463326454162598, 0.7526517510414124, 0.7587451934814453], "val_loss": [0.5897516012191772, 0.5669232606887817, 0.5591503381729126, 0.5900551676750183, 0.5556829571723938, 0.5529175400733948, 0.5528244376182556, 0.553791344165802, 0.5626040101051331, 0.5463264584541321, 0.5494827032089233, 0.5432230234146118, 0.5452139377593994, 0.5434263348579407, 0.5455398559570312, 0.546682596206665, 0.5696867108345032, 0.5456835031509399, 0.5478445887565613, 0.5684599876403809, 0.5450417995452881, 0.543459415435791, 0.5501143336296082, 0.547781765460968, 0.5396490097045898, 0.5556919574737549, 0.5444141626358032, 0.5388481020927429, 0.5418534874916077, 0.5429856181144714, 0.5868703722953796, 0.5609486699104309, 0.5409999489784241, 0.5428878664970398, 0.5646252036094666, 0.5467661023139954, 0.5683592557907104, 0.5554549098014832], "val_binary_accuracy": [0.7239999771118164, 0.734000027179718, 0.7400000095367432, 0.7139999866485596, 0.7379999756813049, 0.7459999918937683, 0.7459999918937683, 0.7440000176429749, 0.7300000190734863, 0.7639999985694885, 0.7580000162124634, 0.7559999823570251, 0.7580000162124634, 0.7639999985694885, 0.765999972820282, 0.7599999904632568, 0.7400000095367432, 0.7720000147819519, 0.7540000081062317, 0.7360000014305115, 0.7559999823570251, 0.7620000243186951, 0.734000027179718, 0.7599999904632568, 0.765999972820282, 0.7580000162124634, 0.7620000243186951, 0.7599999904632568, 0.7680000066757202, 0.765999972820282, 0.7279999852180481, 0.7540000081062317, 0.7599999904632568, 0.7680000066757202, 0.7459999918937683, 0.7599999904632568, 0.7519999742507935, 0.7360000014305115]}