{"loss": [0.690369188785553, 0.6211223602294922, 0.5835185050964355, 0.5783861875534058, 0.5679532885551453, 0.5703321099281311, 0.5629427433013916, 0.5551645159721375, 0.5512159466743469, 0.5489777326583862, 0.5479323863983154, 0.5505278706550598, 0.5460999011993408, 0.5484911203384399, 0.5479065775871277, 0.5494135618209839, 0.5394185781478882, 0.5489811301231384, 0.5382682085037231, 0.5434034466743469, 0.538096010684967, 0.5349566340446472, 0.5376580953598022, 0.5363434553146362, 0.5269716382026672, 0.5414633750915527, 0.5328206419944763, 0.5290508270263672, 0.5358336567878723, 0.5475109815597534, 0.5382204651832581, 0.540943443775177, 0.5398057699203491, 0.5411588549613953, 0.5275466442108154, 0.5344865918159485, 0.539074182510376, 0.5355949401855469, 0.5339834690093994, 0.5379689931869507], "binary_accuracy": [0.5828828811645508, 0.6648648381233215, 0.7065315246582031, 0.712837815284729, 0.712837815284729, 0.7164414525032043, 0.7256757020950317, 0.73063063621521, 0.7290540337562561, 0.7304053902626038, 0.7286036014556885, 0.7259008884429932, 0.7364864945411682, 0.7346847057342529, 0.7380630373954773, 0.7340090274810791, 0.745945930480957, 0.7304053902626038, 0.737162172794342, 0.7355855703353882, 0.7430180311203003, 0.7405405640602112, 0.7400900721549988, 0.7427927851676941, 0.7461711764335632, 0.7389639616012573, 0.7439188957214355, 0.7506756782531738, 0.7466216087341309, 0.7337837815284729, 0.7373873591423035, 0.7425675392150879, 0.7328828573226929, 0.7270269989967346, 0.7495495676994324, 0.741216242313385, 0.7421171069145203, 0.7434684634208679, 0.7398648858070374, 0.7353603839874268], "val_loss": [0.614242672920227, 0.6029719710350037, 0.5545670390129089, 0.5620874166488647, 0.5458130836486816, 0.5373647809028625, 0.5266242623329163, 0.5306501388549805, 0.5253258347511292, 0.5324872732162476, 0.5223063826560974, 0.567169725894928, 0.517792820930481, 0.517441987991333, 0.5165075063705444, 0.5430089831352234, 0.511757493019104, 0.5217121839523315, 0.5177628993988037, 0.5071046948432922, 0.5340849161148071, 0.5073881149291992, 0.5092224478721619, 0.5219208002090454, 0.5136101245880127, 0.5159045457839966, 0.5122089385986328, 0.5202719569206238, 0.5097602009773254, 0.5150962471961975, 0.5066019296646118, 0.5351502299308777, 0.5114075541496277, 0.5066196322441101, 0.5098716020584106, 0.5164869427680969, 0.5377588868141174, 0.5068699717521667, 0.5030502080917358, 0.5224823355674744], "val_binary_accuracy": [0.6598777770996094, 0.6782077550888062, 0.7270875573158264, 0.7209776043891907, 0.7291242480278015, 0.7393075227737427, 0.7454175353050232, 0.7393075227737427, 0.7433808445930481, 0.7331975698471069, 0.7393075227737427, 0.7189409136772156, 0.753564178943634, 0.7576375007629395, 0.7433808445930481, 0.7270875573158264, 0.7678207755088806, 0.7352342009544373, 0.7413442134857178, 0.7780040502548218, 0.7331975698471069, 0.7698574066162109, 0.7556008100509644, 0.7413442134857178, 0.7515274882316589, 0.7413442134857178, 0.7494908571243286, 0.7393075227737427, 0.7657840847969055, 0.7433808445930481, 0.7494908571243286, 0.7250509262084961, 0.7311608791351318, 0.7556008100509644, 0.753564178943634, 0.7352342009544373, 0.7291242480278015, 0.753564178943634, 0.7637474536895752, 0.7352342009544373]}