{"loss": [0.5957254767417908, 0.5412079095840454, 0.5293681621551514, 0.5248435139656067, 0.5121771693229675, 0.5136776566505432, 0.5078993439674377, 0.5071485638618469, 0.5029761791229248, 0.4980003833770752, 0.49950411915779114, 0.5032479763031006, 0.49918869137763977, 0.4984131157398224, 0.4996112585067749, 0.49870991706848145, 0.49601203203201294, 0.4948064982891083, 0.5006547570228577, 0.49768418073654175, 0.4983986020088196, 0.5041460990905762, 0.49639666080474854, 0.4990301728248596, 0.4942840039730072, 0.4936521649360657, 0.5015737414360046, 0.5004956126213074, 0.49736589193344116, 0.4931769073009491, 0.49887722730636597, 0.4976370334625244, 0.5010307431221008, 0.4973714053630829, 0.49659019708633423, 0.49632567167282104, 0.4880446493625641, 0.5026341676712036, 0.5058198571205139, 0.49250802397727966, 0.49589449167251587, 0.49880895018577576, 0.4882184863090515, 0.49455729126930237, 0.4905954897403717, 0.5016835927963257, 0.492489755153656, 0.497378945350647, 0.5001095533370972, 0.5004340410232544, 0.5057013630867004, 0.4869992136955261, 0.4990239441394806, 0.5037264227867126, 0.4975293278694153, 0.49509868025779724, 0.5007786154747009, 0.49422672390937805, 0.49398696422576904, 0.5010560154914856, 0.4961242973804474, 0.4974130392074585, 0.5014780759811401, 0.5019232034683228], "binary_accuracy": [0.6784982681274414, 0.7309442758560181, 0.7383390069007874, 0.7372013926506042, 0.7496018409729004, 0.7492605447769165, 0.7483503818511963, 0.7505119442939758, 0.7564277648925781, 0.7596132159233093, 0.7549487948417664, 0.7501706480979919, 0.7564277648925781, 0.7657565474510193, 0.7563139796257019, 0.7649601697921753, 0.7599545121192932, 0.7634811997413635, 0.7588168382644653, 0.7596132159233093, 0.7562002539634705, 0.7541524171829224, 0.7600682377815247, 0.7551763653755188, 0.7599545121192932, 0.7585893273353577, 0.7576791644096375, 0.7547212839126587, 0.7597269415855408, 0.766780436038971, 0.7600682377815247, 0.7568828463554382, 0.7604095339775085, 0.7668942213058472, 0.7648464441299438, 0.7560864686965942, 0.765984058380127, 0.7596132159233093, 0.7552900910377502, 0.7642775774002075, 0.7649601697921753, 0.7593856453895569, 0.7691695094108582, 0.76450514793396, 0.7692832946777344, 0.752901017665863, 0.7651877403259277, 0.762116014957428, 0.7562002539634705, 0.7592719197273254, 0.759044349193573, 0.769510805606842, 0.7607508301734924, 0.7577929496765137, 0.7583617568016052, 0.7543799877166748, 0.7524459362030029, 0.7646188735961914, 0.76450514793396, 0.7610921263694763, 0.7627986073493958, 0.7613196969032288, 0.7599545121192932, 0.7620022892951965], "val_loss": [0.5323517322540283, 0.5325145721435547, 0.5227327942848206, 0.50030118227005, 0.4988633990287781, 0.4840543568134308, 0.49890586733818054, 0.4811323285102844, 0.48047497868537903, 0.47754907608032227, 0.4916093647480011, 0.4764769673347473, 0.503517210483551, 0.47475215792655945, 0.47478511929512024, 0.4749473035335541, 0.48155641555786133, 0.4975886046886444, 0.4996994733810425, 0.4740884304046631, 0.4773634076118469, 0.4728851616382599, 0.4783359467983246, 0.5154933929443359, 0.47897475957870483, 0.5256192088127136, 0.47227537631988525, 0.4720754027366638, 0.4854121208190918, 0.4720582067966461, 0.4803379476070404, 0.48791825771331787, 0.4795406460762024, 0.4940197169780731, 0.47085079550743103, 0.4753706455230713, 0.46890196204185486, 0.47436195611953735, 0.4752447307109833, 0.4930405914783478, 0.47199586033821106, 0.47027674317359924, 0.4734221398830414, 0.46811363101005554, 0.47116610407829285, 0.4767835736274719, 0.4698540270328522, 0.471396803855896, 0.48352521657943726, 0.4737899601459503, 0.4717158079147339, 0.4658978581428528, 0.4751065671443939, 0.47367948293685913, 0.47837433218955994, 0.4967431426048279, 0.4775868058204651, 0.4727891683578491, 0.48402780294418335, 0.4727107882499695, 0.4675464630126953, 0.4724878966808319, 0.4785422682762146, 0.5024535059928894], "val_binary_accuracy": [0.7567567825317383, 0.7370062470436096, 0.7370062470436096, 0.7733888030052185, 0.7681912779808044, 0.7796257734298706, 0.7629937529563904, 0.7848232984542847, 0.7806652784347534, 0.782744288444519, 0.7754677534103394, 0.7817047834396362, 0.7536382675170898, 0.7869023084640503, 0.782744288444519, 0.782744288444519, 0.7817047834396362, 0.7671517729759216, 0.7723492980003357, 0.7765072584152222, 0.7879418134689331, 0.7869023084640503, 0.7837837934494019, 0.7588357329368591, 0.7796257734298706, 0.7110186815261841, 0.7858628034591675, 0.790020763874054, 0.7869023084640503, 0.7941787838935852, 0.7858628034591675, 0.777546763420105, 0.7858628034591675, 0.7619542479515076, 0.7869023084640503, 0.7796257734298706, 0.7869023084640503, 0.777546763420105, 0.7806652784347534, 0.7505197525024414, 0.7837837934494019, 0.7889813184738159, 0.7869023084640503, 0.8014553189277649, 0.7806652784347534, 0.7848232984542847, 0.7889813184738159, 0.7910602688789368, 0.7754677534103394, 0.7879418134689331, 0.7920997738838196, 0.7962577939033508, 0.7806652784347534, 0.782744288444519, 0.7796257734298706, 0.7723492980003357, 0.782744288444519, 0.7817047834396362, 0.7765072584152222, 0.782744288444519, 0.7931392788887024, 0.7879418134689331, 0.7796257734298706, 0.7661122679710388]}