{"loss": [2.344372034072876, 1.9101895093917847, 1.7240718603134155, 1.6064658164978027, 1.4501986503601074, 1.401497721672058, 1.3670196533203125, 1.2926539182662964, 1.2864375114440918, 1.2465087175369263, 1.2113124132156372, 1.2315548658370972, 1.1861000061035156, 1.1561932563781738, 1.1595693826675415, 1.136853814125061, 1.103739857673645, 1.0970834493637085, 1.0861655473709106, 1.0830323696136475, 1.112511396408081, 1.0970020294189453, 1.0767593383789062, 1.0653188228607178, 1.0477482080459595, 1.0617166757583618, 1.0648925304412842, 1.0818265676498413, 1.0363085269927979, 1.0538502931594849, 1.0382026433944702, 1.061777114868164, 1.0492486953735352, 1.0063655376434326, 1.0080629587173462, 1.0504249334335327, 1.0379557609558105, 1.0118021965026855], "accuracy": [0.2158653885126114, 0.3495192229747772, 0.39567306637763977, 0.44711539149284363, 0.5067307949066162, 0.518750011920929, 0.5331730842590332, 0.5490384697914124, 0.5336538553237915, 0.5533654093742371, 0.5735576748847961, 0.5480769276618958, 0.557692289352417, 0.5735576748847961, 0.5677884817123413, 0.5966346263885498, 0.6043269038200378, 0.5908653736114502, 0.5971153974533081, 0.6100961565971375, 0.5855769515037537, 0.5841346383094788, 0.5951923131942749, 0.6173076629638672, 0.6043269038200378, 0.5995192527770996, 0.6096153855323792, 0.5936293601989746, 0.6158654093742371, 0.5865384340286255, 0.6033653616905212, 0.5874999761581421, 0.5990384817123413, 0.6216346025466919, 0.6139423251152039, 0.6105769276618958, 0.6105769276618958, 0.6105769276618958], "val_loss": [1.8731769323349, 1.5867358446121216, 1.5029062032699585, 1.3164422512054443, 1.3018488883972168, 1.2474638223648071, 1.2050861120224, 1.1802386045455933, 1.0955455303192139, 1.1615403890609741, 1.1239537000656128, 1.0507103204727173, 1.1414380073547363, 1.1016108989715576, 1.0607426166534424, 1.0534554719924927, 1.024909257888794, 0.9675747156143188, 0.9629791378974915, 1.0661042928695679, 1.0201966762542725, 1.0236350297927856, 1.0444129705429077, 1.0071858167648315, 0.9295729994773865, 0.8916234374046326, 0.9941558837890625, 0.9893326163291931, 0.9907826781272888, 0.8988911509513855, 0.9921854138374329, 0.9753475785255432, 0.9297515153884888, 0.8185757994651794, 0.893020510673523, 0.9542049765586853, 0.8558307886123657, 0.9896959662437439], "val_accuracy": [0.38749998807907104, 0.4833333194255829, 0.4749999940395355, 0.5687500238418579, 0.5479166507720947, 0.5479166507720947, 0.5583333373069763, 0.5291666388511658, 0.5854166746139526, 0.5708333253860474, 0.5729166865348816, 0.612500011920929, 0.5687500238418579, 0.5583333373069763, 0.5666666626930237, 0.5958333611488342, 0.6145833134651184, 0.6333333253860474, 0.6270833611488342, 0.59375, 0.6104166507720947, 0.6333333253860474, 0.5833333134651184, 0.5916666388511658, 0.6270833611488342, 0.643750011920929, 0.5958333611488342, 0.6354166865348816, 0.6020833253860474, 0.6916666626930237, 0.6354166865348816, 0.6229166388511658, 0.6354166865348816, 0.6770833134651184, 0.6729166507720947, 0.6312500238418579, 0.6708333492279053, 0.643750011920929]}