{"loss": [0.662216067314148, 0.624269962310791, 0.6031634211540222, 0.5743869543075562, 0.5369965434074402, 0.4917759895324707, 0.4287024140357971, 0.3656647801399231, 0.30406996607780457, 0.24572740495204926, 0.20632696151733398, 0.17134663462638855], "binary_accuracy": [0.6029411554336548, 0.6509348154067993, 0.6725946068763733, 0.6981304287910461, 0.7189922332763672, 0.7503420114517212, 0.7929776310920715, 0.8259233832359314, 0.8632010817527771, 0.8894208669662476, 0.9165526628494263, 0.9284085631370544], "val_loss": [0.672024667263031, 0.642362654209137, 0.6238258481025696, 0.6156641244888306, 0.6326600909233093, 0.6463916301727295, 0.6914706230163574, 0.7181066870689392, 0.8050779104232788, 0.9910497665405273, 1.136742115020752, 1.2584854364395142], "val_binary_accuracy": [0.5785714387893677, 0.6153061389923096, 0.6520408391952515, 0.6704081892967224, 0.6265305876731873, 0.6734693646430969, 0.6520408391952515, 0.6581632494926453, 0.6540816426277161, 0.6785714030265808, 0.6857143044471741, 0.6591836810112]}