{"loss": [2.2017624378204346, 1.66275954246521, 1.4242278337478638, 1.3169275522232056, 1.218256950378418, 1.1551945209503174, 1.1356509923934937, 1.072169303894043, 1.0660392045974731, 1.039155125617981, 1.0275453329086304, 0.9910407662391663, 1.0000640153884888, 0.987097978591919, 0.9507784843444824, 0.9592841863632202, 0.9287601113319397, 0.9480746984481812, 0.9575412273406982, 0.9189352989196777, 0.8898628950119019, 0.9171714782714844, 0.8981040120124817, 0.908652663230896, 0.8701698184013367, 0.8952535390853882, 0.834442138671875], "accuracy": [0.27115383744239807, 0.4341346025466919, 0.5033653974533081, 0.536057710647583, 0.5721153616905212, 0.5759615302085876, 0.5836538672447205, 0.5975961685180664, 0.5995192527770996, 0.6302884817123413, 0.620192289352417, 0.6187499761581421, 0.6120192408561707, 0.6091346144676208, 0.6365384459495544, 0.6269230842590332, 0.6331730484962463, 0.6245192289352417, 0.6322115659713745, 0.6360576748847961, 0.6480769515037537, 0.6336538195610046, 0.6432692408561707, 0.6475961804389954, 0.6625000238418579, 0.6451923251152039, 0.6757546067237854], "val_loss": [1.6830226182937622, 1.3626296520233154, 1.2780125141143799, 1.091149926185608, 1.135732650756836, 1.0477131605148315, 1.068078875541687, 0.9934806823730469, 0.9613755345344543, 0.9313147068023682, 0.9553395509719849, 0.888264536857605, 0.9017000794410706, 0.915282666683197, 0.9073755741119385, 0.8767077326774597, 0.9197553992271423, 0.8688333630561829, 0.7769573330879211, 0.8268311023712158, 0.8718022704124451, 0.822207510471344, 0.8226000070571899, 0.8164689540863037, 0.8062877058982849, 0.7811757326126099, 0.7875821590423584], "val_accuracy": [0.45625001192092896, 0.5291666388511658, 0.5520833134651184, 0.6229166388511658, 0.625, 0.606249988079071, 0.606249988079071, 0.6312500238418579, 0.6625000238418579, 0.643750011920929, 0.6520833373069763, 0.6583333611488342, 0.6833333373069763, 0.6541666388511658, 0.6208333373069763, 0.6666666865348816, 0.6666666865348816, 0.6416666507720947, 0.7083333134651184, 0.6916666626930237, 0.643750011920929, 0.6333333253860474, 0.675000011920929, 0.6625000238418579, 0.675000011920929, 0.675000011920929, 0.6812499761581421]}