{"loss": [0.6842634081840515, 0.64466392993927, 0.6384221315383911, 0.6287745237350464, 0.6236656308174133, 0.6225150227546692, 0.6149209141731262, 0.6115358471870422, 0.6053656339645386, 0.5999149680137634, 0.5949520468711853, 0.5806530714035034, 0.5677375197410583, 0.5566041469573975, 0.5577274560928345, 0.546970009803772, 0.548805832862854, 0.5353876948356628, 0.536306619644165, 0.5287008881568909, 0.5243077278137207, 0.5272236466407776, 0.5228714346885681, 0.5215314030647278, 0.5134373903274536, 0.5125882625579834, 0.5075200200080872, 0.5016980171203613, 0.5050782561302185, 0.5068138241767883, 0.5087562799453735, 0.5003858208656311, 0.4996941089630127, 0.496246337890625, 0.4914308190345764, 0.49191904067993164, 0.49051421880722046, 0.4890785813331604, 0.4905986785888672, 0.48231562972068787, 0.476617693901062, 0.4809763431549072, 0.47652262449264526, 0.4764483571052551, 0.4765198826789856, 0.4701169431209564, 0.4693998694419861, 0.4691745340824127, 0.4688393771648407, 0.4725361466407776, 0.46876227855682373, 0.46435752511024475, 0.460742324590683, 0.4600369930267334, 0.46624279022216797, 0.45446866750717163, 0.45941483974456787, 0.45080456137657166, 0.45757418870925903, 0.45380666851997375, 0.4522798955440521, 0.4476628303527832, 0.4533810019493103, 0.45124638080596924, 0.4438413381576538, 0.44528186321258545, 0.4430158734321594, 0.4452858567237854, 0.4468260407447815, 0.44547292590141296, 0.44113075733184814, 0.4368569254875183, 0.43473896384239197, 0.43362510204315186, 0.4314526617527008, 0.4274378716945648, 0.430793434381485, 0.43165645003318787, 0.4368014633655548, 0.4248742163181305, 0.4306347966194153, 0.42914465069770813, 0.42240583896636963, 0.42802008986473083, 0.42763426899909973, 0.42007362842559814, 0.42016521096229553, 0.4209659695625305, 0.42631053924560547, 0.42229127883911133, 0.42261984944343567, 0.4153728783130646, 0.4146864712238312, 0.4187580347061157, 0.41136759519577026, 0.41760388016700745, 0.4136875867843628, 0.41408854722976685, 0.4146198332309723, 0.418183296918869], "binary_accuracy": [0.5904533863067627, 0.6230348348617554, 0.6410344243049622, 0.6502619981765747, 0.6516290903091431, 0.652426540851593, 0.657211184501648, 0.6597175002098083, 0.6675780415534973, 0.6725905537605286, 0.6724766492843628, 0.6876281499862671, 0.70015949010849, 0.7053998708724976, 0.7123490571975708, 0.7177033424377441, 0.71701979637146, 0.7264752984046936, 0.7247664332389832, 0.7328548431396484, 0.7342219352722168, 0.7358168363571167, 0.738095223903656, 0.7387787699699402, 0.7447026371955872, 0.743905246257782, 0.7437912821769714, 0.7530189156532288, 0.7481203079223633, 0.7505126595497131, 0.7441330552101135, 0.7524493336677551, 0.7559808492660522, 0.7549555897712708, 0.7566643953323364, 0.7584871053695679, 0.7646388411521912, 0.7608794569969177, 0.756892204284668, 0.7639553546905518, 0.7681704163551331, 0.7682843208312988, 0.7662337422370911, 0.7662337422370911, 0.7676008343696594, 0.7723855376243591, 0.7713602185249329, 0.7710184454917908, 0.7737525701522827, 0.7714741230010986, 0.772043764591217, 0.7737525701522827, 0.7727272510528564, 0.7804738879203796, 0.7702209949493408, 0.7781955003738403, 0.7825244665145874, 0.7795625329017639, 0.7792207598686218, 0.7808156609535217, 0.78298020362854, 0.7848029136657715, 0.779106855392456, 0.780701756477356, 0.790840744972229, 0.7886762619018555, 0.7867395877838135, 0.7894737124443054, 0.7820687890052795, 0.7836636900901794, 0.7865117192268372, 0.787764847278595, 0.7944862246513367, 0.7928913235664368, 0.7902711033821106, 0.7936887741088867, 0.7902711033821106, 0.7912964224815369, 0.7948279976844788, 0.7910685539245605, 0.7948279976844788, 0.7920938730239868, 0.8000683784484863, 0.7906128764152527, 0.7922077775001526, 0.802574634552002, 0.7947140336036682, 0.7981317043304443, 0.7981317043304443, 0.7955114841461182, 0.7972203493118286, 0.8023467659950256, 0.7994987368583679, 0.801777184009552, 0.8047391176223755, 0.7999544143676758, 0.8048530220985413, 0.8033720850944519, 0.800979733467102, 0.8016632199287415], "val_loss": [0.6325441598892212, 0.654262900352478, 0.6234864592552185, 0.6240159869194031, 0.6268596649169922, 0.6061890125274658, 0.6154316067695618, 0.6009849309921265, 0.593482494354248, 0.5819902420043945, 0.5666679739952087, 0.5770691633224487, 0.5639016628265381, 0.5555660128593445, 0.5632396340370178, 0.5413044691085815, 0.5393191576004028, 0.5338356494903564, 0.5548276305198669, 0.5311781167984009, 0.5189372897148132, 0.5208083987236023, 0.5206552743911743, 0.5192902088165283, 0.5195673704147339, 0.5161114931106567, 0.5169093012809753, 0.5064406394958496, 0.5201247334480286, 0.498788982629776, 0.5072451829910278, 0.4984194040298462, 0.5079214572906494, 0.5104801654815674, 0.491265207529068, 0.5036805272102356, 0.5087971687316895, 0.4908313453197479, 0.4972970187664032, 0.4964440166950226, 0.4938969910144806, 0.5045393705368042, 0.4910120964050293, 0.5028802752494812, 0.4970896542072296, 0.5027627348899841, 0.4886615574359894, 0.514795184135437, 0.5032445192337036, 0.5205420851707458, 0.5203548669815063, 0.4996870160102844, 0.5151880383491516, 0.5078659653663635, 0.5029881000518799, 0.46893835067749023, 0.49170657992362976, 0.5012083649635315, 0.5215616822242737, 0.5084869861602783, 0.49347591400146484, 0.4871342182159424, 0.5052037239074707, 0.4965951144695282, 0.4841335713863373, 0.4908367097377777, 0.5078349709510803, 0.4831398129463196, 0.49667301774024963, 0.501943826675415, 0.49134090542793274, 0.47896116971969604, 0.4667508602142334, 0.4883623421192169, 0.4947531521320343, 0.49218931794166565, 0.4873177111148834, 0.47788673639297485, 0.4837532937526703, 0.5520053505897522, 0.4955199062824249, 0.4830390512943268, 0.4908943176269531, 0.48827803134918213, 0.487472265958786, 0.4717954993247986, 0.4805295467376709, 0.475425660610199, 0.47374486923217773, 0.46587368845939636, 0.4734565317630768, 0.47421467304229736, 0.48709800839424133, 0.473243772983551, 0.4704987406730652, 0.47297051548957825, 0.49451014399528503, 0.48280394077301025, 0.48253133893013, 0.49050119519233704],