{"loss": [0.6978168487548828, 0.6501774787902832, 0.6413351893424988, 0.6389471888542175, 0.6446612477302551, 0.6410164833068848, 0.6388811469078064, 0.6400748491287231, 0.6329256296157837, 0.6323893666267395, 0.6272624135017395, 0.6156443953514099, 0.6218836903572083, 0.6138240694999695, 0.6062249541282654, 0.5995729565620422, 0.6079599857330322, 0.6009779572486877, 0.6044531464576721, 0.601250946521759, 0.5905863046646118, 0.5928254127502441, 0.5902292132377625, 0.5793881416320801, 0.5832825899124146, 0.5728549957275391, 0.5773165822029114, 0.5781705975532532, 0.5645192265510559, 0.5569053292274475, 0.5654819011688232, 0.5649074912071228, 0.555051863193512, 0.5461864471435547, 0.5576030611991882, 0.5532183051109314, 0.5513622760772705], "binary_accuracy": [0.6218026876449585, 0.6425091624259949, 0.6425091624259949, 0.6425091624259949, 0.6425091624259949, 0.6425091624259949, 0.6425091624259949, 0.6425091624259949, 0.6443361639976501, 0.6461632251739502, 0.6656516194343567, 0.6747868657112122, 0.669914722442627, 0.6802679896354675, 0.6930572390556335, 0.6985383629798889, 0.6760048866271973, 0.6948843002319336, 0.6961023211479187, 0.700365424156189, 0.7015834450721741, 0.7070645689964294, 0.6954932808876038, 0.7119366526603699, 0.713154673576355, 0.7198538184165955, 0.7216808795928955, 0.7101096510887146, 0.7204628586769104, 0.7198538184165955, 0.7228989005088806, 0.7174177765846252, 0.730207085609436, 0.727770984172821, 0.7356882095336914, 0.7326431274414062, 0.7259439826011658], "val_loss": [0.6684539914131165, 0.6726285219192505, 0.7634583115577698, 0.670444905757904, 0.6907582879066467, 0.733482301235199, 0.7112529873847961, 0.6853399872779846, 0.6886339783668518, 0.7119529247283936, 0.6836963891983032, 0.7169967293739319, 0.6809374094009399, 0.6696482300758362, 0.7026045918464661, 0.6627861261367798, 0.6379764080047607, 0.6586719155311584, 0.7014617919921875, 0.6638227105140686, 0.7077143788337708, 0.6444104909896851, 0.6439019441604614, 0.7735529541969299, 0.6418173313140869, 0.6438656449317932, 0.6788530945777893, 0.6578649282455444, 0.710164487361908, 0.7559488415718079, 0.6649498343467712, 0.7268285751342773, 0.6868987083435059, 0.7073632478713989, 0.6829243898391724, 0.698540210723877, 0.7236530184745789], "val_binary_accuracy": [0.5956284403800964, 0.5956284403800964, 0.5956284403800964, 0.5956284403800964, 0.5956284403800964, 0.5956284403800964, 0.5956284403800964, 0.5956284403800964, 0.5956284403800964, 0.5956284403800964, 0.6010928750038147, 0.6010928750038147, 0.6010928750038147, 0.6065573692321777, 0.6065573692321777, 0.6120218634605408, 0.6557376980781555, 0.6010928750038147, 0.6010928750038147, 0.6010928750038147, 0.6065573692321777, 0.6393442749977112, 0.6393442749977112, 0.6010928750038147, 0.6120218634605408, 0.6448087692260742, 0.5901639461517334, 0.6666666865348816, 0.6174863576889038, 0.5956284403800964, 0.6612021923065186, 0.6338797807693481, 0.6284152865409851, 0.6284152865409851, 0.6502732038497925, 0.6338797807693481, 0.6284152865409851]}