{"loss": [0.6655464768409729, 0.586309015750885, 0.5680091977119446, 0.5374983549118042, 0.49353867769241333, 0.44486579298973083, 0.383462131023407, 0.32974570989608765, 0.2581072747707367, 0.20746363699436188], "binary_accuracy": [0.6178067326545715, 0.6545059680938721, 0.6803474426269531, 0.7179152965545654, 0.7504885792732239, 0.7817589640617371, 0.8128121495246887, 0.8501628637313843, 0.8864278197288513, 0.9103148579597473], "val_loss": [0.6968745589256287, 0.6748979687690735, 0.6835778951644897, 0.7158297896385193, 0.7611655592918396, 0.7136086821556091, 0.8508755564689636, 0.9350799918174744, 1.3832552433013916, 1.3158704042434692], "val_binary_accuracy": [0.5848303437232971, 0.5848303437232971, 0.6067864298820496, 0.6327345371246338, 0.628742516040802, 0.652694582939148, 0.6407185792922974, 0.6247504949569702, 0.6267465353012085, 0.6267465353012085]}