{"loss": [0.8164527416229248, 0.6850513219833374, 0.6763908863067627, 0.6808165311813354, 0.6662631034851074, 0.6672470569610596, 0.6659648418426514, 0.6613501310348511, 0.6626803278923035, 0.662956178188324, 0.6612362265586853, 0.6601635813713074, 0.6543063521385193, 0.6588656902313232, 0.6530373096466064, 0.6582593321800232, 0.6573150753974915, 0.6537066698074341, 0.6556002497673035, 0.6607108116149902, 0.6609688401222229], "binary_accuracy": [0.5476046204566956, 0.6106731295585632, 0.6137052774429321, 0.6088538765907288, 0.6185566782951355, 0.6197695732116699, 0.6252273917198181, 0.6179502606391907, 0.6318981051445007, 0.6367495656013489, 0.6300788521766663, 0.6312916874885559, 0.6385688185691833, 0.6349302530288696, 0.6343238353729248, 0.6379624009132385, 0.6403881311416626, 0.6367495656013489, 0.6367495656013489, 0.6215888261795044, 0.6361430883407593], "val_loss": [0.6429755091667175, 0.640166699886322, 0.6558234691619873, 0.6425405740737915, 0.6407759785652161, 0.6404241919517517, 0.644142210483551, 0.6416273713111877, 0.6418028473854065, 0.6410946249961853, 0.6519472002983093, 0.649477481842041, 0.6417992115020752, 0.6403012871742249, 0.6483221054077148, 0.6404298543930054, 0.6427191495895386, 0.6413854360580444, 0.6501860022544861, 0.66434645652771, 0.640995442867279], "val_binary_accuracy": [0.6534090638160706, 0.6534090638160706, 0.6534090638160706, 0.6534090638160706, 0.6534090638160706, 0.6534090638160706, 0.6534090638160706, 0.6534090638160706, 0.6534090638160706, 0.6534090638160706, 0.6534090638160706, 0.6534090638160706, 0.6534090638160706, 0.6534090638160706, 0.6534090638160706, 0.6534090638160706, 0.6534090638160706, 0.6534090638160706, 0.6534090638160706, 0.6534090638160706, 0.6534090638160706]}