{"loss": [0.6914572715759277, 0.6858866214752197, 0.6773921847343445, 0.6636109352111816, 0.6465945839881897, 0.6457405686378479, 0.6315146684646606, 0.6304185390472412, 0.6264286637306213, 0.6202536225318909, 0.6173688173294067, 0.615638792514801, 0.6134414672851562, 0.6116424202919006, 0.610963761806488, 0.609375, 0.6035935282707214, 0.6030222773551941, 0.5985398888587952, 0.5972270965576172, 0.5994347333908081, 0.5962958335876465, 0.5938306450843811, 0.5904281735420227, 0.5915120840072632, 0.5926281809806824, 0.5893076658248901, 0.5869499444961548], "binary_accuracy": [0.5260927081108093, 0.5590728521347046, 0.5784106254577637, 0.5982781648635864, 0.6262251734733582, 0.6290066242218018, 0.6422516703605652, 0.6554967164993286, 0.6549668908119202, 0.6561589241027832, 0.6709933876991272, 0.6683443784713745, 0.666754961013794, 0.6656953692436218, 0.6725828051567078, 0.6692715287208557, 0.6790728569030762, 0.6825165748596191, 0.6875496506690979, 0.6802648901939392, 0.6788079738616943, 0.6851655840873718, 0.686092734336853, 0.6847681999206543, 0.6863576173782349, 0.686225175857544, 0.6880794763565063, 0.6875496506690979], "val_loss": [0.6908947825431824, 0.6821291446685791, 0.6781496405601501, 0.6511852145195007, 0.6575739979743958, 0.645820140838623, 0.6457495093345642, 0.6354138851165771, 0.6678028106689453, 0.6299529075622559, 0.6748748421669006, 0.6534028649330139, 0.6397275328636169, 0.6510611176490784, 0.6235767006874084, 0.6434573531150818, 0.6586565375328064, 0.6194310784339905, 0.6377947330474854, 0.6244854927062988, 0.6467838883399963, 0.6230784058570862, 0.617928683757782, 0.6266909241676331, 0.6264253854751587, 0.6287381649017334, 0.6347956657409668, 0.627945065498352], "val_binary_accuracy": [0.518697202205658, 0.5717732310295105, 0.6188178658485413, 0.6465620994567871, 0.6417370438575745, 0.6127864718437195, 0.6537997722625732, 0.6586248278617859, 0.6453558206558228, 0.6791315078735352, 0.5983112454414368, 0.6357056498527527, 0.6598311066627502, 0.656212329864502, 0.6743063926696777, 0.665862500667572, 0.6465620994567871, 0.6706875562667847, 0.656212329864502, 0.6767189502716064, 0.662243664264679, 0.6586248278617859, 0.6875753998756409, 0.6875753998756409, 0.6731001138687134, 0.6803377270698547, 0.6815440058708191, 0.6936067342758179]}