{"loss": [0.7003676295280457, 0.6861410737037659, 0.6805005073547363, 0.6801888942718506, 0.6781184077262878, 0.6804395318031311, 0.6725609302520752, 0.6758270263671875, 0.6709706783294678, 0.6741748452186584, 0.6743904948234558, 0.6672372221946716, 0.6703191995620728, 0.6759299635887146, 0.6659225225448608, 0.667999267578125, 0.6696435213088989, 0.666599452495575, 0.6676449179649353, 0.6661883592605591, 0.6637077331542969, 0.6688957214355469, 0.6654992699623108, 0.670183539390564, 0.667132556438446, 0.6653545498847961, 0.666339635848999, 0.663590669631958, 0.6621156930923462, 0.6639741063117981, 0.6632165312767029, 0.6660019755363464, 0.6697579622268677, 0.6672223806381226, 0.6645302772521973, 0.6691697239875793, 0.658551037311554, 0.6636335849761963, 0.6605932116508484, 0.6648483276367188, 0.6628819704055786, 0.6679372191429138, 0.6603773236274719, 0.665057897567749, 0.6627310514450073, 0.6653285622596741, 0.6614397764205933, 0.6643713712692261, 0.6626214981079102, 0.6589735746383667, 0.6635197997093201, 0.6657342910766602, 0.6661282777786255, 0.6625345945358276, 0.6588472127914429, 0.6599152088165283, 0.6630716323852539, 0.6617662310600281, 0.6595051288604736, 0.6575846076011658, 0.6599858999252319, 0.6703356504440308, 0.6607681512832642, 0.6602213382720947, 0.6544143557548523, 0.6590366959571838, 0.6597622632980347, 0.6575669646263123, 0.6595495939254761, 0.6593323349952698, 0.657133936882019, 0.6559876203536987, 0.6552833914756775, 0.6598963737487793, 0.6602793335914612], "binary_accuracy": [0.5513513684272766, 0.574999988079071, 0.578153133392334, 0.5754504799842834, 0.5704954862594604, 0.5752252340316772, 0.5880630612373352, 0.5686936974525452, 0.5864864587783813, 0.5740991234779358, 0.5824324488639832, 0.592792809009552, 0.5844594836235046, 0.5826576352119446, 0.5930179953575134, 0.5885134935379028, 0.579954981803894, 0.5894144177436829, 0.588738739490509, 0.5844594836235046, 0.5885134935379028, 0.5828828811645508, 0.5896396636962891, 0.5858108401298523, 0.5891891717910767, 0.5939189195632935, 0.5907657742500305, 0.5907657742500305, 0.5961712002754211, 0.5921171307563782, 0.5925675630569458, 0.5855855941772461, 0.5779279470443726, 0.5788288116455078, 0.5930179953575134, 0.5864864587783813, 0.5961712002754211, 0.5894144177436829, 0.5961712002754211, 0.5851351618766785, 0.5840089917182922, 0.5837838053703308, 0.5945945978164673, 0.5952702760696411, 0.5923423171043396, 0.5840089917182922, 0.5900900959968567, 0.582207202911377, 0.5912162065505981, 0.6000000238418579, 0.5853603482246399, 0.588738739490509, 0.587837815284729, 0.5828828811645508, 0.5880630612373352, 0.5930179953575134, 0.5842342376708984, 0.5914414525032043, 0.5898648500442505, 0.5916666388511658, 0.5896396636962891, 0.5772522687911987, 0.5921171307563782, 0.6009008884429932, 0.6047297120094299, 0.5925675630569458, 0.5896396636962891, 0.5979729890823364, 0.5979729890823364, 0.5930179953575134, 0.592792809009552, 0.5968468189239502, 0.6011261343955994, 0.582207202911377, 0.587837815284729], "val_loss": [0.6564481258392334, 0.6492815613746643, 0.6475567817687988, 0.6569820046424866, 0.6461341977119446, 0.6451040506362915, 0.6466439962387085, 0.6502287983894348, 0.6435927152633667, 0.6478263139724731, 0.643199622631073, 0.6455015540122986, 0.6505227088928223, 0.6619259715080261, 0.6456766724586487, 0.642277717590332, 0.6417990922927856, 0.6469410061836243, 0.6446661353111267, 0.6438024044036865, 0.640457034111023, 0.646293044090271, 0.6529092192649841, 0.6423320770263672, 0.6771730780601501, 0.6428351998329163, 0.657608687877655, 0.6409978270530701, 0.6396305561065674, 0.6397920250892639, 0.638565719127655, 0.6403474807739258, 0.6511896252632141, 0.6380233764648438, 0.6554655432701111, 0.6379922032356262, 0.6441768407821655, 0.6379512548446655, 0.6379794478416443, 0.6373001337051392, 0.6828769445419312, 0.6530769467353821, 0.6367780566215515, 0.6449732184410095, 0.6378697156906128, 0.6362423896789551, 0.6414968967437744, 0.6445226073265076, 0.6360222697257996, 0.6845760941505432, 0.6382649540901184, 0.6414719223976135, 0.6440790891647339, 0.635423481464386, 0.6653947830200195, 0.636046290397644, 0.6360152959823608, 0.640276312828064, 0.6351911425590515, 0.6380758285522461, 0.6450002193450928, 0.6375297904014587, 0.6557280421257019, 0.6521641612052917, 0.6367069482803345, 0.6462242603302002, 0.6348119378089905, 0.6405104398727417, 0.6409024000167847, 0.6350796222686768, 0.646915078163147, 0.6377434730529785, 0.6459773778915405, 0.6350513696670532, 0.6361870765686035], "val_binary_accuracy": [0.6354379057884216, 0.6354379057884216, 0.6354379057884216, 0.6354379057884216, 0.6354379057884216, 0.6354379057884216, 0.6354379057884216, 0.6354379057884216, 0.6354379057884216, 0.6354379057884216, 0.6354379057884216, 0.6354379057884216, 0.6354379057884216, 0.6435845494270325, 0.6354379057884216, 0.6354379057884216, 0.6354379057884216, 0.6354379057884216, 0.6354379057884216, 0.6354379057884216, 0.6354379057884216, 0.6354379057884216, 0.637474536895752, 0.6354379057884216, 0.5213849544525146, 0.6354379057884216, 0.6537678241729736, 0.6354379057884216, 0.6354379057884216, 0.6354379057884216, 0.6354379057884216, 0.6354379057884216, 0.6476578116416931, 0.6354379057884216, 0.6619144678115845, 0.6354379057884216, 0.639511227607727, 0.6354379057884216, 0.6354379057884216, 0.6354379057884216, 0.5010183453559875, 0.657841145992279, 0.6354379057884216, 0.6456211805343628, 0.637474536895752, 0.6354379057884216, 0.6354379057884216, 0.6435845494270325, 0.6354379057884216, 0.4928717017173767, 0.6354379057884216, 0.6354379057884216, 0.6415478587150574, 0.6354379057884216, 0.5641548037528992, 0.6354379057884216, 0.639511227607727, 0.639511227607727, 0.637474536895752, 0.6354379057884216, 0.6517311334609985, 0.6415478587150574, 0.6252545714378357, 0.6598777770996094, 0.6415478587150574, 0.655804455280304, 0.639511227607727, 0.6456211805343628, 0.6456211805343628, 0.6415478587150574, 0.6354379057884216, 0.6415478587150574, 0.6639510989189148, 0.6415478587150574, 0.637474536895752]}