{"loss": [0.6876327395439148, 0.6585245728492737, 0.6516949534416199, 0.6373014450073242, 0.6142481565475464, 0.5907509922981262, 0.548908531665802, 0.49840492010116577, 0.43712490797042847, 0.37946420907974243, 0.31238171458244324], "binary_accuracy": [0.5881161093711853, 0.5935178995132446, 0.6121989488601685, 0.6284042596817017, 0.6587890982627869, 0.6878235340118408, 0.7148323059082031, 0.7497186660766602, 0.7918073534965515, 0.8179157972335815, 0.8615800142288208], "val_loss": [0.6479421854019165, 0.6502477526664734, 0.6468591094017029, 0.6476380228996277, 0.6629489660263062, 0.6637324094772339, 0.6976193189620972, 0.698422908782959, 0.7911792993545532, 0.7665033340454102, 1.0368335247039795], "val_binary_accuracy": [0.5901639461517334, 0.5901639461517334, 0.6004098653793335, 0.631147563457489, 0.6209016442298889, 0.6209016442298889, 0.5901639461517334, 0.6454917788505554, 0.6270492076873779, 0.6229507923126221, 0.6290983557701111]}