{"loss": [0.7022332549095154, 0.6934643983840942, 0.6915856599807739, 0.6930004954338074, 0.688992440700531, 0.694801926612854, 0.6881046295166016, 0.6922219395637512, 0.6855902075767517, 0.6801497340202332, 0.682978630065918, 0.6801717281341553, 0.6799836158752441], "binary_accuracy": [0.4906249940395355, 0.4945312440395355, 0.5335937738418579, 0.5195618271827698, 0.5328124761581421, 0.510937511920929, 0.559374988079071, 0.5399060845375061, 0.561718761920929, 0.5843750238418579, 0.565625011920929, 0.571093738079071, 0.5718749761581421], "val_loss": [0.6934636831283569, 0.6921224594116211, 0.6966872811317444, 0.6895960569381714, 0.6951771378517151, 0.6901870965957642, 0.68896484375, 0.6711766719818115, 0.6874061822891235, 0.6840329766273499, 0.6823307275772095, 0.7015424966812134, 0.6735461354255676], "val_binary_accuracy": [0.49038460850715637, 0.5480769276618958, 0.48557692766189575, 0.48317307233810425, 0.5192307829856873, 0.5096153616905212, 0.526442289352417, 0.6225961446762085, 0.5504807829856873, 0.5288461446762085, 0.5769230723381042, 0.5288461446762085, 0.6153846383094788]}