{"loss": [0.7358421087265015, 0.7629265785217285, 0.7226956486701965, 0.7154911756515503, 0.7227820158004761, 0.7430952191352844, 0.72267085313797, 0.7625827789306641, 0.7226138710975647, 0.7501515746116638], "binary_accuracy": [0.4910714328289032, 0.4776785671710968, 0.5223214030265808, 0.5267857313156128, 0.5133928656578064, 0.4776785671710968, 0.4910714328289032, 0.4553571343421936, 0.53125, 0.4508928656578064], "val_loss": [0.6910605430603027, 0.6889610290527344, 0.6833410263061523, 0.687428891658783, 0.6861385703086853, 0.680759847164154, 0.6925857663154602, 0.6819963455200195, 0.6979424357414246, 0.698198139667511], "val_binary_accuracy": [0.5104166865348816, 0.59375, 0.5625, 0.5625, 0.5729166865348816, 0.5729166865348816, 0.5104166865348816, 0.5416666865348816, 0.5208333134651184, 0.4895833432674408]}