{"loss": [1.6064168214797974, 1.2132822275161743, 1.04708731174469, 0.9489157795906067, 0.8482296466827393, 0.776521623134613, 0.710211992263794, 0.6459416747093201, 0.6012330651283264, 0.5496243834495544, 0.5171350240707397, 0.48497360944747925], "accuracy": [0.41295215487480164, 0.512556254863739, 0.566619336605072, 0.6004955768585205, 0.6399625539779663, 0.6730228662490845, 0.6992233395576477, 0.7289595603942871, 0.7474539875984192, 0.7722039222717285, 0.7899428606033325, 0.8025746941566467], "val_loss": [1.3391807079315186, 1.1423516273498535, 1.0800625085830688, 1.0453871488571167, 1.1069667339324951, 1.1514396667480469, 1.1291841268539429, 1.197470784187317, 1.21701979637146, 1.2491075992584229, 1.2540258169174194, 1.3368586301803589], "val_accuracy": [0.48291632533073425, 0.5256927609443665, 0.5482916235923767, 0.5638956427574158, 0.5617433190345764, 0.5507129430770874, 0.5762711763381958, 0.5725046992301941, 0.5768092274665833, 0.5741189122200012, 0.561205267906189, 0.5679311156272888]}