{"loss": [0.6095490455627441, 0.57457035779953, 0.5547758340835571, 0.5466563701629639, 0.5385012030601501, 0.541072428226471, 0.5346761345863342, 0.5260289311408997, 0.5265761017799377, 0.5230149626731873, 0.5245466232299805, 0.5203491449356079, 0.5198060274124146], "binary_accuracy": [0.7114884853363037, 0.7306693196296692, 0.7430569529533386, 0.7408591508865356, 0.7476523518562317, 0.7458541393280029, 0.7476523518562317, 0.7556443810462952, 0.7536463737487793, 0.7626373767852783, 0.7558441758155823, 0.7614385485649109, 0.7558441758155823], "val_loss": [0.5415655374526978, 0.5189967155456543, 0.5101099610328674, 0.5067347884178162, 0.5023831129074097, 0.49635401368141174, 0.49813905358314514, 0.49152013659477234, 0.4932323098182678, 0.4904986619949341, 0.5016712546348572, 0.486095666885376, 0.4880400002002716], "val_binary_accuracy": [0.7583643198013306, 0.75650554895401, 0.7732341885566711, 0.7992565035820007, 0.8104089498519897, 0.7918215394020081, 0.8104089498519897, 0.7862453460693359, 0.7862453460693359, 0.8048326969146729, 0.7695167064666748, 0.8066914677619934, 0.8085501790046692]}