{"loss": [0.6929871439933777, 0.6768320798873901, 0.6735449433326721, 0.6688033938407898, 0.6642804741859436, 0.6615188717842102, 0.6588449478149414, 0.6588011980056763, 0.657715380191803, 0.6535905003547668, 0.6548974514007568, 0.6507440805435181, 0.6551018953323364, 0.660705029964447, 0.6571060419082642, 0.6489964127540588, 0.6511372923851013, 0.6547552943229675, 0.6485279202461243, 0.6524174809455872, 0.6587635278701782, 0.6504598259925842, 0.6499700546264648, 0.6476309895515442, 0.6433094143867493, 0.6465916037559509, 0.6489658951759338, 0.6523549556732178, 0.6458455920219421, 0.6409322619438171, 0.6475114226341248, 0.6438068747520447, 0.6626626253128052, 0.6424340605735779, 0.6422423720359802, 0.6475890874862671, 0.6494411826133728, 0.64141845703125, 0.6442888975143433, 0.6407750844955444, 0.638683557510376, 0.6670839786529541, 0.6438974142074585, 0.6415889859199524, 0.6443657875061035, 0.6408695578575134, 0.6441147923469543, 0.6417362689971924, 0.6393922567367554, 0.6492884159088135, 0.641097903251648, 0.6422129273414612, 0.6350834369659424, 0.6441463828086853, 0.6374225616455078, 0.6487057209014893, 0.6469537019729614, 0.6434577107429504, 0.6419950723648071, 0.6411948204040527, 0.6391875743865967, 0.644846498966217, 0.6415280699729919], "binary_accuracy": [0.6076642274856567, 0.6027980446815491, 0.6119221448898315, 0.6301703453063965, 0.6307786107063293, 0.6295620203018188, 0.6307786107063293, 0.6368613243103027, 0.6380778551101685, 0.6350364685058594, 0.6374695897102356, 0.6411192417144775, 0.6429440379142761, 0.6368613243103027, 0.6301703453063965, 0.6459854245185852, 0.635644793510437, 0.635644793510437, 0.6411192417144775, 0.6429440379142761, 0.6405109763145447, 0.6362530589103699, 0.6392943859100342, 0.643552303314209, 0.639902651309967, 0.6429440379142761, 0.6411192417144775, 0.6392943859100342, 0.6423357725143433, 0.6447688341140747, 0.6447688341140747, 0.6459854245185852, 0.6283454895019531, 0.6478102207183838, 0.6472019553184509, 0.643552303314209, 0.6429440379142761, 0.643552303314209, 0.6423357725143433, 0.6411192417144775, 0.6472019553184509, 0.6003649830818176, 0.6374695897102356, 0.639902651309967, 0.6405109763145447, 0.639902651309967, 0.6326034069061279, 0.6459854245185852, 0.6423357725143433, 0.6271289587020874, 0.6496350169181824, 0.643552303314209, 0.6417275071144104, 0.643552303314209, 0.6453770995140076, 0.6429440379142761, 0.6319951415061951, 0.6502432823181152, 0.6423357725143433, 0.6453770995140076, 0.643552303314209, 0.6496350169181824, 0.6417275071144104], "val_loss": [0.6587138175964355, 0.6614502668380737, 0.664567768573761, 0.6674064993858337, 0.6609889268875122, 0.6614114046096802, 0.6673852205276489, 0.6625570058822632, 0.6593717932701111, 0.6604016423225403, 0.6569784283638, 0.6614663004875183, 0.668034017086029, 0.6603344082832336, 0.6573272347450256, 0.6607062816619873, 0.6609090566635132, 0.6593683362007141, 0.6587311625480652, 0.6576051115989685, 0.6598580479621887, 0.6558681726455688, 0.6556886434555054, 0.6591339111328125, 0.6584084630012512, 0.6607704162597656, 0.6577256321907043, 0.6601062417030334, 0.6626182198524475, 0.6812252998352051, 0.6575044989585876, 0.6613039970397949, 0.6572567224502563, 0.6574035882949829, 0.6750033497810364, 0.6630789041519165, 0.6704813241958618, 0.6582669615745544, 0.6741788983345032, 0.6592367887496948, 0.7032342553138733, 0.6644165515899658, 0.6545131206512451, 0.6601672768592834, 0.6587982177734375, 0.6559566855430603, 0.6571476459503174, 0.6582120060920715, 0.6549850106239319, 0.6577551960945129, 0.6629517078399658, 0.6567589044570923, 0.660476803779602, 0.6850246787071228, 0.6552930474281311, 0.6687341928482056, 0.6673413515090942, 0.6652466058731079, 0.6593902707099915, 0.6618866324424744, 0.654617190361023, 0.656018853187561, 0.661109983921051], "val_binary_accuracy": [0.6298342347145081, 0.6298342347145081, 0.6298342347145081, 0.6298342347145081, 0.6298342347145081, 0.6298342347145081, 0.6298342347145081, 0.6298342347145081, 0.6298342347145081, 0.6298342347145081, 0.6298342347145081, 0.6298342347145081, 0.6464088559150696, 0.6298342347145081, 0.6298342347145081, 0.6353591084480286, 0.6298342347145081, 0.6353591084480286, 0.6298342347145081, 0.6298342347145081, 0.6408839821815491, 0.6408839821815491, 0.6408839821815491, 0.6298342347145081, 0.6298342347145081, 0.6353591084480286, 0.6519337296485901, 0.6298342347145081, 0.6298342347145081, 0.6298342347145081, 0.6353591084480286, 0.6353591084480286, 0.6353591084480286, 0.6464088559150696, 0.6298342347145081, 0.6519337296485901, 0.6519337296485901, 0.6408839821815491, 0.6574585437774658, 0.6574585437774658, 0.3591160178184509, 0.6519337296485901, 0.6464088559150696, 0.6408839821815491, 0.6519337296485901, 0.6464088559150696, 0.6464088559150696, 0.6408839821815491, 0.6464088559150696, 0.6408839821815491, 0.6408839821815491, 0.6464088559150696, 0.6408839821815491, 0.6353591084480286, 0.6519337296485901, 0.6574585437774658, 0.6408839821815491, 0.6464088559150696, 0.6408839821815491, 0.6464088559150696, 0.6519337296485901, 0.6574585437774658, 0.6408839821815491]}