{"loss": [0.7622207403182983, 0.6923102140426636, 0.691629946231842, 0.6823674440383911, 0.6908786296844482, 0.6812357306480408, 0.6747764945030212, 0.672633945941925, 0.6664970517158508, 0.6693969964981079, 0.6662079691886902, 0.6653363704681396, 0.6618480682373047, 0.6553528308868408, 0.6575654745101929, 0.6589136123657227, 0.6546400189399719, 0.6498242020606995, 0.6435232162475586, 0.6391857862472534, 0.6498485207557678, 0.6462349891662598, 0.642766535282135, 0.6343041658401489, 0.6359281539916992, 0.6278861165046692, 0.6159433126449585, 0.6284525990486145, 0.6416090726852417, 0.6221774220466614, 0.6241363286972046, 0.6151502132415771, 0.6025428175926208, 0.6082754135131836, 0.5956128835678101, 0.5953666567802429, 0.5881717205047607, 0.5923242568969727, 0.5884755253791809, 0.5842820405960083, 0.5750800371170044, 0.5963040590286255, 0.5859118103981018, 0.5687227249145508, 0.5643080472946167, 0.5485048890113831, 0.5781407952308655, 0.564220130443573, 0.551347017288208, 0.5713854432106018, 0.5491976737976074, 0.5315326452255249, 0.5435713529586792, 0.5469143986701965, 0.5216354727745056, 0.5397865772247314, 0.5315671563148499, 0.5062490105628967, 0.5162412524223328, 0.5147936344146729, 0.5140842795372009, 0.5248948335647583, 0.5150961875915527, 0.51358962059021, 0.5132057666778564, 0.5008317232131958, 0.4788641929626465, 0.4981491267681122, 0.5084275007247925, 0.4959867596626282, 0.4509383738040924, 0.485752135515213, 0.45916834473609924, 0.4843257665634155, 0.46969616413116455, 0.463818222284317, 0.4680922031402588, 0.46649062633514404, 0.4516460597515106, 0.45325466990470886, 0.44521042704582214, 0.47419774532318115, 0.44070929288864136, 0.438721626996994, 0.4258835017681122, 0.43824464082717896, 0.4387012720108032, 0.42272883653640747], "binary_accuracy": [0.49912434816360474, 0.5376532673835754, 0.5385289192199707, 0.5779334306716919, 0.5709282159805298, 0.5779334306716919, 0.5805604457855225, 0.6050788164138794, 0.5849387049674988, 0.5814360976219177, 0.6042031645774841, 0.5840630531311035, 0.5954465866088867, 0.5989491939544678, 0.6024518609046936, 0.5945709347724915, 0.6033275127410889, 0.6129597425460815, 0.62521892786026, 0.6278458833694458, 0.6182136535644531, 0.6155866980552673, 0.6155866980552673, 0.6322241425514221, 0.6374781131744385, 0.6278458833694458, 0.6453590393066406, 0.6401050686836243, 0.6260945796966553, 0.6479859948158264, 0.6506129503250122, 0.639229416847229, 0.6646234393119812, 0.668126106262207, 0.6663748025894165, 0.6654991507530212, 0.6690017580986023, 0.6768826842308044, 0.682136595249176, 0.6865149140357971, 0.6847635507583618, 0.6628721356391907, 0.6970227956771851, 0.692644476890564, 0.6873905658721924, 0.7145358920097351, 0.6847635507583618, 0.707530677318573, 0.7162871956825256, 0.6891418695449829, 0.7267950773239136, 0.7145358920097351, 0.7224168181419373, 0.7197898626327515, 0.7145358920097351, 0.7127845883369446, 0.7259194254875183, 0.7329246997833252, 0.7381786108016968, 0.7408056259155273, 0.7408056259155273, 0.7478108406066895, 0.7548161149024963, 0.721541166305542, 0.7329246997833252, 0.7600700259208679, 0.7679509520530701, 0.7565674185752869, 0.7486864924430847, 0.7618213891983032, 0.7854641079902649, 0.7425569295883179, 0.7863397598266602, 0.7556917667388916, 0.7670753002166748, 0.7670753002166748, 0.7732049226760864, 0.7679509520530701, 0.7915936708450317, 0.7732049226760864, 0.7775831818580627, 0.7863397598266602, 0.7767075300216675, 0.7985989451408386, 0.8108581304550171, 0.788966715335846, 0.7898423671722412, 0.8029772043228149], "val_loss": [0.6930542588233948, 0.6929056644439697, 0.6913044452667236, 0.6815261840820312, 0.6990661025047302, 0.6743771433830261, 0.6544000506401062, 0.6655682921409607, 0.6385012865066528, 0.6529155373573303, 0.6453049778938293, 0.647279679775238, 0.6582817435264587, 0.6557860374450684, 0.6527077555656433, 0.6602554321289062, 0.6508908271789551, 0.6689100861549377, 0.6413300633430481, 0.6461893916130066, 0.6414572596549988, 0.6327932476997375, 0.6430082321166992, 0.684223473072052, 0.7021135687828064, 0.6570807099342346, 0.6527069807052612, 0.6652361750602722, 0.639926016330719, 0.6281312108039856, 0.6561160683631897, 0.6664043664932251, 0.6862246990203857, 0.6891281008720398, 0.6450945138931274, 0.6470921039581299, 0.659842848777771, 0.6760486364364624, 0.6471964716911316, 0.6599797606468201, 0.6380014419555664, 0.6777104735374451, 0.6754733920097351, 0.664553165435791, 0.6165008544921875, 0.6787394881248474, 0.6301767230033875, 0.6686172485351562, 0.7054029703140259, 0.6223335862159729, 0.6649621725082397, 0.6584514379501343, 0.6809067130088806, 0.6617453098297119, 0.678873598575592, 0.6986780762672424, 0.6390314102172852, 0.6847851276397705, 0.6361067891120911, 0.6910838484764099, 0.6738013029098511, 0.7370883226394653, 0.6139602661132812, 0.658113420009613, 0.6219074726104736, 0.6636769771575928, 0.7131702899932861, 0.5925071239471436, 0.6101584434509277, 0.6351822018623352, 0.6305851936340332, 0.6206755638122559, 0.6798350214958191, 0.646114706993103, 0.7685229182243347, 0.7281437516212463, 0.6678001284599304, 0.6488951444625854, 0.695046067237854, 0.6926706433296204, 0.7655232548713684, 0.6331055760383606, 0.7056571841239929, 0.6907153129577637, 0.6917302012443542, 0.7675890326499939, 0.626133143901825, 0.6602970361709595], "val_binary_accuracy": [0.48461538553237915, 0.48461538553237915, 0.5538461804389954, 0.5307692289352417, 0.48461538553237915, 0.5615384578704834, 0.5923076868057251, 0.5846154093742371, 0.6615384817123413, 0.6384615302085876, 0.5692307949066162, 0.607692301273346, 0.607692301273346, 0.6461538672447205, 0.607692301273346, 0.6230769157409668, 0.6384615302085876, 0.6153846383094788, 0.6615384817123413, 0.6846153736114502, 0.699999988079071, 0.7153846025466919, 0.6230769157409668, 0.6000000238418579, 0.6000000238418579, 0.6461538672447205, 0.6384615302085876, 0.6615384817123413, 0.6307692527770996, 0.699999988079071, 0.7153846025466919, 0.6615384817123413, 0.6769230961799622, 0.6692307591438293, 0.7153846025466919, 0.6538461446762085, 0.6692307591438293, 0.6846153736114502, 0.7461538314819336, 0.7307692170143127, 0.7076923251152039, 0.699999988079071, 0.7230769395828247, 0.6769230961799622, 0.7230769395828247, 0.6846153736114502, 0.7307692170143127, 0.6769230961799622, 0.6769230961799622, 0.7076923251152039, 0.7076923251152039, 0.6769230961799622, 0.6846153736114502, 0.6769230961799622, 0.6769230961799622, 0.6769230961799622, 0.7153846025466919, 0.699999988079071, 0.7076923251152039, 0.7076923251152039, 0.6692307591438293, 0.6692307591438293, 0.7076923251152039, 0.7076923251152039, 0.7076923251152039, 0.692307710647583, 0.6846153736114502, 0.6846153736114502, 0.6846153736114502, 0.6692307591438293, 0.7153846025466919, 0.6692307591438293, 0.692307710647583, 0.6692307591438293, 0.6000000238418579, 0.6461538672447205, 0.6769230961799622, 0.692307710647583, 0.6769230961799622, 0.6538461446762085, 0.699999988079071, 0.6615384817123413, 0.6615384817123413, 0.6846153736114502, 0.6846153736114502, 0.6692307591438293, 0.6692307591438293, 0.699999988079071]}