{"loss": [0.7022834420204163, 0.6735022068023682, 0.664318323135376, 0.6538810133934021, 0.6566833853721619, 0.648546040058136, 0.6514625549316406, 0.6524743437767029, 0.6479235887527466, 0.6477742791175842, 0.6466564536094666, 0.6475462317466736, 0.6447842121124268, 0.6431360244750977, 0.6454201936721802, 0.6409609317779541, 0.6433504819869995, 0.6428155303001404, 0.6408079862594604, 0.6417060494422913, 0.6438363790512085, 0.6423495411872864, 0.6392185688018799, 0.6392832398414612, 0.6410740613937378, 0.6358839273452759, 0.6377300024032593, 0.6385764479637146, 0.6372044086456299, 0.6419546604156494, 0.6371809244155884, 0.6391873955726624, 0.6406049728393555, 0.6374173164367676, 0.6371285915374756, 0.6373297572135925, 0.6365150213241577, 0.6376392841339111, 0.6356562972068787, 0.6405514478683472, 0.6381081342697144, 0.6349045038223267, 0.633163332939148, 0.6300671100616455, 0.6333280801773071], "binary_accuracy": [0.5619232058525085, 0.5978124737739563, 0.5991796851158142, 0.6118263602256775, 0.6112567186355591, 0.6184345483779907, 0.6153583526611328, 0.6174091100692749, 0.6225361824035645, 0.6257263422012329, 0.6272074580192566, 0.6209411025047302, 0.6266378164291382, 0.6349549889564514, 0.6229919195175171, 0.6333599090576172, 0.6276631951332092, 0.6288025379180908, 0.6265238523483276, 0.6318787932395935, 0.633701741695404, 0.6268656849861145, 0.6344992518424988, 0.6348410844802856, 0.6309673190116882, 0.6403099298477173, 0.635410726070404, 0.6355246901512146, 0.6342713832855225, 0.6242451667785645, 0.6381451487541199, 0.6347271203994751, 0.6302837133407593, 0.6365500688552856, 0.6335877776145935, 0.6356385946273804, 0.6382591128349304, 0.6339296102523804, 0.6388287544250488, 0.6346132159233093, 0.6346132159233093, 0.6390566229820251, 0.643500030040741, 0.6427025198936462, 0.6427025198936462], "val_loss": [0.6711574792861938, 0.6785711050033569, 0.6752383708953857, 0.6653222441673279, 0.6652618050575256, 0.6610000729560852, 0.6652132868766785, 0.6702503561973572, 0.6667575240135193, 0.6655641198158264, 0.6605955958366394, 0.6704009175300598, 0.6903992295265198, 0.6823595762252808, 0.6629763245582581, 0.6591360569000244, 0.6598649024963379, 0.661563515663147, 0.6563223600387573, 0.6586570739746094, 0.6576355695724487, 0.6837764978408813, 0.6556159853935242, 0.6562439799308777, 0.6550748944282532, 0.6612938046455383, 0.6604765057563782, 0.6692985892295837, 0.6568453907966614, 0.6655997037887573, 0.6542321443557739, 0.6540461182594299, 0.6551337242126465, 0.6548362374305725, 0.6637880802154541, 0.6591845154762268, 0.6532386541366577, 0.6552208662033081, 0.6555982828140259, 0.6606721878051758, 0.6532525420188904, 0.6542639136314392, 0.6557515263557434, 0.6598869562149048, 0.6606332063674927], "val_binary_accuracy": [0.5846154093742371, 0.5835897326469421, 0.5846154093742371, 0.5958974361419678, 0.5846154093742371, 0.5887179374694824, 0.5866666436195374, 0.5876923203468323, 0.5846154093742371, 0.6082051396369934, 0.6071794629096985, 0.5887179374694824, 0.5517948865890503, 0.5579487085342407, 0.5907692313194275, 0.5948718190193176, 0.6123076677322388, 0.5907692313194275, 0.6041025519371033, 0.6061538457870483, 0.6010256409645081, 0.5866666436195374, 0.6112820506095886, 0.6092307567596436, 0.6071794629096985, 0.5938461422920227, 0.6071794629096985, 0.5928205251693726, 0.6020512580871582, 0.5928205251693726, 0.6123076677322388, 0.6153846383094788, 0.6092307567596436, 0.6112820506095886, 0.5928205251693726, 0.6082051396369934, 0.6143589615821838, 0.6051282286643982, 0.6082051396369934, 0.6082051396369934, 0.6071794629096985, 0.6153846383094788, 0.6123076677322388, 0.6000000238418579, 0.5969230532646179]}