{"loss": [1.862760305404663, 1.3836249113082886, 1.251192331314087, 1.165595531463623, 1.1441353559494019, 1.0821352005004883, 1.081151008605957, 1.0244159698486328, 1.0162521600723267, 1.0191383361816406, 0.9941274523735046, 0.9706640243530273, 0.9746090769767761, 0.9525154232978821, 0.9390060901641846, 0.946608304977417, 0.9397372603416443, 0.9346218705177307, 0.9195999503135681, 0.8974654078483582, 0.9012898802757263, 0.8985229134559631, 0.8887723684310913, 0.8879691362380981, 0.8981720805168152, 0.881539523601532, 0.8946900963783264, 0.868855893611908, 0.889652669429779, 0.8716639876365662, 0.8665114045143127, 0.8370137214660645, 0.8845389485359192, 0.8487097024917603, 0.872257649898529, 0.8663226366043091, 0.8449083566665649, 0.8719009160995483, 0.8554466962814331, 0.8591113090515137, 0.8246103525161743, 0.8276681900024414], "accuracy": [0.3971153795719147, 0.5314903855323792, 0.5629807710647583, 0.5862980484962463, 0.5858173370361328, 0.6028845906257629, 0.5973557829856873, 0.6276442408561707, 0.6167592406272888, 0.6137019395828247, 0.6295673251152039, 0.637499988079071, 0.6307692527770996, 0.6430288553237915, 0.637499988079071, 0.6322115659713745, 0.6473557949066162, 0.6439903974533081, 0.6516826748847961, 0.6548076868057251, 0.65625, 0.6552884578704834, 0.6564903855323792, 0.6536057591438293, 0.6552884578704834, 0.6587780714035034, 0.654567301273346, 0.6725428700447083, 0.6496015191078186, 0.6543269157409668, 0.6569711565971375, 0.6800480484962463, 0.6566047072410583, 0.6778846383094788, 0.6586538553237915, 0.6639423370361328, 0.6641826629638672, 0.6665865182876587, 0.6689903736114502, 0.6653845906257629, 0.6728365421295166, 0.6764423251152039], "val_loss": [1.4778228998184204, 1.30338716506958, 1.1357183456420898, 1.109466314315796, 1.1006968021392822, 1.0606902837753296, 1.0381085872650146, 1.024774193763733, 1.021599292755127, 0.9775079488754272, 0.9359190464019775, 0.9827113747596741, 0.960746169090271, 0.9535106420516968, 0.9137926697731018, 0.9241518378257751, 0.984737753868103, 0.9104684591293335, 0.9545890092849731, 0.9298444390296936, 0.934576690196991, 0.9210180044174194, 0.9165940880775452, 0.9169341325759888, 0.9098284244537354, 0.8867033123970032, 0.9210902452468872, 0.9419150352478027, 0.8805012702941895, 0.8776083588600159, 0.8986082673072815, 0.8782416582107544, 0.845687747001648, 0.827758252620697, 0.921053409576416, 0.857205867767334, 0.8891367316246033, 0.88126140832901, 0.869397759437561, 0.8888368010520935, 0.8419577479362488, 0.838042676448822], "val_accuracy": [0.5043103694915771, 0.5204741358757019, 0.5862069129943848, 0.6056034564971924, 0.5905172228813171, 0.6120689511299133, 0.5948275923728943, 0.6174569129943848, 0.6034482717514038, 0.6206896305084229, 0.6584051847457886, 0.6443965435028076, 0.6476293206214905, 0.6540948152542114, 0.6659482717514038, 0.6487069129943848, 0.6336206793785095, 0.6691810488700867, 0.6336206793785095, 0.642241358757019, 0.6400862336158752, 0.6681034564971924, 0.6443965435028076, 0.6476293206214905, 0.6540948152542114, 0.6756465435028076, 0.6357758641242981, 0.649784505367279, 0.670258641242981, 0.6584051847457886, 0.6433189511299133, 0.6487069129943848, 0.6691810488700867, 0.681034505367279, 0.6293103694915771, 0.6724137663841248, 0.6584051847457886, 0.6530172228813171, 0.6573275923728943, 0.6648706793785095, 0.670258641242981, 0.6724137663841248]}