{"loss": [0.7238696217536926, 0.7148921489715576, 0.7202770113945007, 0.6849162578582764, 0.7140750288963318, 0.6984350681304932, 0.7008275985717773, 0.6926470994949341, 0.698125422000885, 0.7016749978065491, 0.6886491179466248, 0.6884706616401672, 0.6885308623313904, 0.68011474609375, 0.6879086494445801, 0.690949559211731, 0.6878238320350647, 0.6903433203697205, 0.6784693598747253, 0.6910610795021057, 0.6910405158996582, 0.6835113763809204, 0.6817739605903625, 0.6769420504570007, 0.6818807721138, 0.6821730732917786, 0.6901206970214844, 0.6978830695152283, 0.6862637996673584, 0.6899840831756592, 0.6885726451873779, 0.6985527873039246, 0.6812353134155273, 0.6817444562911987, 0.685430109500885, 0.6868199706077576], "binary_accuracy": [0.5224913358688354, 0.5328719615936279, 0.507785439491272, 0.5666090250015259, 0.5129757523536682, 0.529411792755127, 0.5302768349647522, 0.5371972322463989, 0.5475778579711914, 0.5233563780784607, 0.5259515643119812, 0.5224913358688354, 0.5216262936592102, 0.5397923588752747, 0.5268166065216064, 0.5233563780784607, 0.5415225028991699, 0.5285466909408569, 0.5778546929359436, 0.5354671478271484, 0.5415225028991699, 0.5467128157615662, 0.5536332130432129, 0.5510380864143372, 0.5570934414863586, 0.5311418771743774, 0.5467128157615662, 0.5467128157615662, 0.5276816487312317, 0.5129757523536682, 0.5484429001808167, 0.520761251449585, 0.5467128157615662, 0.5536332130432129, 0.5371972322463989, 0.5458477735519409], "val_loss": [0.7065392732620239, 0.6900225281715393, 0.6945812702178955, 0.714821994304657, 0.7035434246063232, 0.686539888381958, 0.6900747418403625, 0.6885075569152832, 0.6987414956092834, 0.6851922273635864, 0.7000099420547485, 0.7020158171653748, 0.6991562843322754, 0.6866281032562256, 0.6999403238296509, 0.684482991695404, 0.6855997443199158, 0.6917924284934998, 0.6929847002029419, 0.7271052002906799, 0.6875298023223877, 0.6891098022460938, 0.7103674411773682, 0.6953762173652649, 0.6810048222541809, 0.6813930869102478, 0.7574793100357056, 0.6885627508163452, 0.6866826415061951, 0.6944413781166077, 0.6813157796859741, 0.6900153756141663, 0.6812368631362915, 0.6805710792541504, 0.6855037212371826, 0.7473883032798767], "val_binary_accuracy": [0.48275861144065857, 0.5086206793785095, 0.5, 0.4913793206214905, 0.5, 0.5948275923728943, 0.5258620977401733, 0.5431034564971924, 0.5, 0.5344827771186829, 0.5, 0.4913793206214905, 0.5086206793785095, 0.517241358757019, 0.5086206793785095, 0.6379310488700867, 0.517241358757019, 0.5086206793785095, 0.5086206793785095, 0.4913793206214905, 0.5258620977401733, 0.5258620977401733, 0.4913793206214905, 0.5258620977401733, 0.517241358757019, 0.5517241358757019, 0.48275861144065857, 0.517241358757019, 0.5258620977401733, 0.517241358757019, 0.4913793206214905, 0.5258620977401733, 0.5948275923728943, 0.6206896305084229, 0.517241358757019, 0.4913793206214905]}