{"loss": [0.7560904026031494, 0.6712129712104797, 0.6277099847793579, 0.6037391424179077, 0.5793063044548035, 0.5818952322006226, 0.5527094602584839, 0.5340835452079773, 0.5325183272361755, 0.5443437695503235, 0.5217564702033997, 0.5268844962120056, 0.5063942670822144, 0.5135547518730164, 0.5009342432022095, 0.5081794261932373, 0.5002322196960449, 0.5000736117362976, 0.4929855763912201, 0.494159460067749, 0.48991405963897705, 0.4893585443496704, 0.49312642216682434, 0.4808414876461029, 0.48611822724342346, 0.48758307099342346, 0.4766634404659271, 0.4694320559501648, 0.4724411368370056, 0.4734586775302887, 0.47741466760635376, 0.4626657962799072, 0.4729764461517334, 0.47055307030677795, 0.47198763489723206, 0.4647316634654999, 0.4659883975982666, 0.4511873722076416], "binary_accuracy": [0.5252174139022827, 0.591304361820221, 0.6452174186706543, 0.6886956691741943, 0.6921738982200623, 0.7043478488922119, 0.730434775352478, 0.7599999904632568, 0.7443478107452393, 0.7434782385826111, 0.7678260803222656, 0.7530434727668762, 0.7686956524848938, 0.7626087069511414, 0.7669565081596375, 0.769565224647522, 0.7660869359970093, 0.7730434536933899, 0.7878260612487793, 0.7782608866691589, 0.7878260612487793, 0.7791304588317871, 0.7782608866691589, 0.7939130663871765, 0.7947825789451599, 0.7739130258560181, 0.791304349899292, 0.8017391562461853, 0.7930434942245483, 0.7930434942245483, 0.7878260612487793, 0.8078261017799377, 0.7965217232704163, 0.7799999713897705, 0.7947825789451599, 0.791304349899292, 0.7834782600402832, 0.8060869574546814], "val_loss": [0.6654450297355652, 0.6189549565315247, 0.5920126438140869, 0.5889270305633545, 0.5647948980331421, 0.5596413612365723, 0.541045069694519, 0.5259710550308228, 0.5291587710380554, 0.5058613419532776, 0.5091237425804138, 0.4978620111942291, 0.49640989303588867, 0.48656919598579407, 0.47932979464530945, 0.4738911986351013, 0.4714464843273163, 0.47008398175239563, 0.4696320593357086, 0.4718864858150482, 0.4640994369983673, 0.45874226093292236, 0.46318379044532776, 0.46343833208084106, 0.46255284547805786, 0.464464396238327, 0.4540214538574219, 0.4531446695327759, 0.45099982619285583, 0.456438809633255, 0.44935014843940735, 0.4476994574069977, 0.44846221804618835, 0.46557435393333435, 0.4434351921081543, 0.45540526509284973, 0.44442546367645264, 0.4395836591720581], "val_binary_accuracy": [0.5983606576919556, 0.688524603843689, 0.7131147384643555, 0.6967213153839111, 0.688524603843689, 0.7131147384643555, 0.7131147384643555, 0.7213114500045776, 0.7540983557701111, 0.7622950673103333, 0.7377049326896667, 0.7786885499954224, 0.7540983557701111, 0.7704917788505554, 0.7786885499954224, 0.7950819730758667, 0.7786885499954224, 0.811475396156311, 0.7868852615356445, 0.7786885499954224, 0.811475396156311, 0.8032786846160889, 0.8032786846160889, 0.7868852615356445, 0.7786885499954224, 0.7868852615356445, 0.8032786846160889, 0.7868852615356445, 0.7868852615356445, 0.7868852615356445, 0.811475396156311, 0.7950819730758667, 0.8032786846160889, 0.7540983557701111, 0.7950819730758667, 0.7868852615356445, 0.811475396156311, 0.7868852615356445]}