{"loss": [0.6790134906768799, 0.6317306756973267, 0.6200036406517029, 0.6118581891059875, 0.6101731061935425, 0.605830729007721, 0.601152241230011, 0.6004313826560974, 0.6006479859352112, 0.6014483571052551, 0.5969386100769043, 0.5997244119644165, 0.5968194007873535, 0.6015483736991882, 0.5982159376144409, 0.5972405076026917, 0.5967027544975281, 0.5925366878509521, 0.5972834229469299, 0.5920652151107788, 0.5930501818656921, 0.595063328742981, 0.5931112766265869, 0.5935311317443848, 0.5955877900123596, 0.5942580699920654, 0.5965710878372192, 0.5946083664894104, 0.59344083070755, 0.5939990282058716, 0.5925853848457336, 0.590789794921875, 0.5897728204727173, 0.5938701629638672, 0.5919092297554016, 0.5966061949729919, 0.5953638553619385], "binary_accuracy": [0.5792755484580994, 0.6438901424407959, 0.6583521366119385, 0.6702932119369507, 0.6685683727264404, 0.6705585718154907, 0.6782539486885071, 0.6801114678382874, 0.6802441477775574, 0.6783866286277771, 0.6836937665939331, 0.6875414848327637, 0.6852859258651733, 0.6836937665939331, 0.6859493255615234, 0.6842244863510132, 0.6839591264724731, 0.6867454051971436, 0.6852859258651733, 0.6893989443778992, 0.688602864742279, 0.6905930638313293, 0.6863473653793335, 0.6866127252578735, 0.6916545033454895, 0.683295726776123, 0.6771925091743469, 0.6917871832847595, 0.6879395246505737, 0.682632327079773, 0.6880722045898438, 0.6863473653793335, 0.688470184803009, 0.6844898462295532, 0.6903277039527893, 0.6854186058044434, 0.6882048845291138], "val_loss": [0.6186953783035278, 0.5973637700080872, 0.6076966524124146, 0.5934749245643616, 0.5974979400634766, 0.5861007571220398, 0.5834861397743225, 0.5805329084396362, 0.5771242380142212, 0.5844770073890686, 0.5784948468208313, 0.5763012170791626, 0.5772640705108643, 0.5820727348327637, 0.572734534740448, 0.5981394648551941, 0.5733546614646912, 0.572979748249054, 0.5721376538276672, 0.5739103555679321, 0.5769273638725281, 0.5796256065368652, 0.5761266350746155, 0.5819911956787109, 0.5813961625099182, 0.5826272368431091, 0.5724653005599976, 0.5734387040138245, 0.5735598802566528, 0.574187159538269, 0.5789893865585327, 0.5747913122177124, 0.5741927027702332, 0.5772485136985779, 0.5714573860168457, 0.5736182928085327, 0.5807469487190247], "val_binary_accuracy": [0.6698337197303772, 0.6662707924842834, 0.6437054872512817, 0.6579572558403015, 0.6484560370445251, 0.684085488319397, 0.6888360977172852, 0.6888360977172852, 0.6995249390602112, 0.6769596338272095, 0.6995249390602112, 0.7090261578559875, 0.694774329662323, 0.684085488319397, 0.7019002437591553, 0.6817102432250977, 0.7102137804031372, 0.6983373165130615, 0.7102137804031372, 0.7019002437591553, 0.6983373165130615, 0.6935867071151733, 0.6864607930183411, 0.694774329662323, 0.6935867071151733, 0.6722090244293213, 0.6971496343612671, 0.7030878663063049, 0.7090261578559875, 0.7078384757041931, 0.684085488319397, 0.6983373165130615, 0.7078384757041931, 0.6935867071151733, 0.7030878663063049, 0.7007125616073608, 0.7030878663063049]}