{"loss": [0.6921125054359436, 0.6575218439102173, 0.6437341570854187, 0.6375322341918945, 0.6337575316429138, 0.6236180067062378, 0.6271457076072693, 0.6210490465164185, 0.6172016859054565, 0.6222501397132874, 0.6187185645103455, 0.6126644015312195, 0.6160667538642883, 0.613470196723938, 0.613375186920166, 0.6126383543014526, 0.6108653545379639, 0.6160830855369568, 0.6122801899909973, 0.6103506684303284, 0.6121059060096741, 0.6145411729812622, 0.6112638711929321, 0.6085322499275208, 0.613650381565094, 0.6121734976768494, 0.6076952219009399, 0.6060158014297485, 0.6069024801254272, 0.6101654767990112, 0.6090136170387268, 0.6058375835418701, 0.6107154488563538, 0.6066751480102539, 0.6107244491577148, 0.6026602983474731, 0.6048018336296082, 0.6060152053833008, 0.601165235042572, 0.6024140119552612, 0.6048344969749451, 0.6059718132019043, 0.6040861010551453, 0.6048930287361145, 0.6034812927246094, 0.6048160791397095, 0.6037268042564392, 0.604760468006134, 0.6006932854652405, 0.6079391241073608, 0.6055390238761902, 0.5974476933479309, 0.6028895974159241, 0.5991476774215698, 0.5957655906677246, 0.599094808101654, 0.6045868992805481, 0.603012204170227, 0.6014794111251831, 0.5977374911308289, 0.5991747975349426, 0.5994886159896851, 0.6008521914482117, 0.5997546911239624, 0.6004607081413269, 0.5971031188964844, 0.597142219543457, 0.5979120135307312, 0.5978443026542664, 0.5980588793754578, 0.5961558222770691, 0.5952702760696411, 0.595996618270874, 0.5941141247749329, 0.5932893753051758, 0.5960198640823364, 0.6002153158187866, 0.5998108386993408, 0.5935938954353333, 0.5981468558311462, 0.5993595719337463, 0.5973638296127319, 0.5919474363327026, 0.5996015071868896, 0.5933783054351807, 0.5954561829566956, 0.5920898914337158, 0.5962504148483276, 0.5974510312080383, 0.5955311059951782, 0.595915675163269, 0.5957573652267456, 0.5950577855110168, 0.5914705395698547, 0.6021965146064758, 0.5964845418930054, 0.5926097631454468, 0.5897883176803589, 0.5947787165641785, 0.5924641489982605], "binary_accuracy": [0.5798392295837402, 0.6065609455108643, 0.6215511560440063, 0.6206821799278259, 0.6254616379737854, 0.6426243782043457, 0.6387138962745667, 0.6345861554145813, 0.6424071192741394, 0.6408863663673401, 0.6413208842277527, 0.6452313661575317, 0.6491418480873108, 0.6447968482971191, 0.6563110947608948, 0.6461003422737122, 0.6478383541107178, 0.6456658840179443, 0.64740389585495, 0.650010883808136, 0.6545730829238892, 0.642841637134552, 0.648707389831543, 0.6447968482971191, 0.6469693779945374, 0.6493591070175171, 0.6587008237838745, 0.6556593775749207, 0.6582663655281067, 0.6541386246681213, 0.6576145887374878, 0.6604388356208801, 0.6519660949707031, 0.6550076007843018, 0.6517488360404968, 0.6617423295974731, 0.6537041068077087, 0.6602215766906738, 0.6650010943412781, 0.6602215766906738, 0.6608733534812927, 0.6587008237838745, 0.6578318476676941, 0.6589180827140808, 0.6652183532714844, 0.6569628715515137, 0.6593526005744934, 0.6552248597145081, 0.6634803414344788, 0.653921365737915, 0.6602215766906738, 0.6704323291778564, 0.6621768474578857, 0.659787118434906, 0.6613078713417053, 0.6565283536911011, 0.6578318476676941, 0.6604388356208801, 0.6654356122016907, 0.6645665764808655, 0.6658700704574585, 0.6560938358306885, 0.6636976003646851, 0.6578318476676941, 0.6595698595046997, 0.662394106388092, 0.6654356122016907, 0.6673908233642578, 0.6643493175506592, 0.6656528115272522, 0.6665218472480774, 0.6676080822944641, 0.6686943173408508, 0.6721703410148621, 0.6667391061782837, 0.6634803414344788, 0.6587008237838745, 0.6632630825042725, 0.6678253412246704, 0.6560938358306885, 0.6608733534812927, 0.662394106388092, 0.6734738349914551, 0.6656528115272522, 0.6741255521774292, 0.6652183532714844, 0.668259859085083, 0.669563353061676, 0.6717358231544495, 0.6665218472480774, 0.6671735644340515, 0.6667391061782837, 0.6723875999450684, 0.6704323291778564, 0.658483624458313, 0.668259859085083, 0.669563353061676, 0.6726047992706299, 0.6693460941314697, 0.670866847038269], "val_loss": [0.6439926624298096, 0.6282674670219421, 0.6211431622505188, 0.6095770001411438, 0.6086465716362, 0.6004844307899475, 0.596096396446228, 0.5956208109855652, 0.5916330814361572, 0.5887906551361084, 0.5998328924179077, 0.6027573943138123, 0.6014228463172913, 0.5870677828788757, 0.5820290446281433, 0.5799781680107117, 0.5783917307853699, 0.5775036811828613, 0.5779321193695068, 0.5761114358901978, 0.5767816305160522, 0.5752224922180176, 0.5907196402549744, 0.5740821957588196, 0.5752114057540894, 0.5861043930053711, 0.583813488483429, 0.5722125768661499, 0.5803518891334534, 0.5769160985946655, 0.5803678631782532, 0.5706948637962341, 0.5699409246444702, 0.5727742314338684, 0.5695537328720093, 0.5720339417457581, 0.5690189599990845, 0.5715790390968323, 0.5677824020385742, 0.5682879090309143, 0.5682339072227478, 0.5683016180992126, 0.5684312582015991, 0.5711503624916077, 0.573854923248291, 0.5699461102485657, 0.5721719861030579, 0.5661644339561462, 0.5655843019485474, 0.5650912523269653, 0.5700093507766724, 0.5668683648109436, 0.5659288167953491, 0.5698456764221191, 0.5644465088844299, 0.5658980011940002, 0.5644408464431763, 0.5714478492736816, 0.5695463418960571, 0.5711219310760498, 0.5805290937423706, 0.5628217458724976, 0.5676474571228027, 0.572853684425354, 0.5650557279586792, 0.5667510032653809, 0.5705642700195312, 0.5622928738594055, 0.5708950757980347, 0.5620155930519104, 0.5679036378860474, 0.5632673501968384, 0.5619443655014038, 0.5627657175064087, 0.5626669526100159, 0.5684438347816467, 0.5693318247795105, 0.5735175609588623, 0.5625624656677246, 0.5630312561988831, 0.5657071471214294, 0.5624026656150818, 0.5603201389312744, 0.561333417892456, 0.5686591863632202, 0.5666806697845459, 0.5609751343727112, 0.5637077689170837, 0.5747851729393005, 0.5592663288116455, 0.5668866038322449, 0.5655910968780518, 0.5607572197914124, 0.5746842622756958, 0.5753805041313171, 0.56479412317276, 0.5602051019668579, 0.5815519094467163, 0.5688917636871338, 0.5589730739593506],