{"loss": [0.7089362144470215, 0.6870636343955994, 0.6818928718566895, 0.6776353120803833, 0.6767780780792236, 0.6763796210289001, 0.6769678592681885, 0.6737591028213501, 0.6760284900665283, 0.676559329032898, 0.6766513586044312, 0.6721594929695129, 0.6749714612960815, 0.6731224656105042, 0.6698328256607056, 0.6743555665016174, 0.675537109375, 0.6750292181968689, 0.6705048680305481, 0.6734073758125305, 0.6712771654129028, 0.6701494455337524], "binary_accuracy": [0.5452284216880798, 0.5707824230194092, 0.581184983253479, 0.5805065631866455, 0.583898663520813, 0.5875169634819031, 0.5888738036155701, 0.5881953835487366, 0.5809588432312012, 0.5888738036155701, 0.5843509435653687, 0.5936228036880493, 0.5766621232032776, 0.5818634033203125, 0.5931705236434937, 0.5881953835487366, 0.5818634033203125, 0.5881953835487366, 0.5929443836212158, 0.5836725234985352, 0.5902306437492371, 0.5888738036155701], "val_loss": [0.6735994219779968, 0.6725937128067017, 0.6733680367469788, 0.6719950437545776, 0.6713497042655945, 0.6803774833679199, 0.6729791164398193, 0.7202125787734985, 0.6708044409751892, 0.6755651235580444, 0.6732276678085327, 0.6834723949432373, 0.675603449344635, 0.6836032867431641, 0.6713654398918152, 0.6706298589706421, 0.6736456155776978, 0.6746927499771118, 0.6739614605903625, 0.674889326095581, 0.6757873296737671, 0.6708596348762512], "val_binary_accuracy": [0.5972495079040527, 0.5992141366004944, 0.5992141366004944, 0.5992141366004944, 0.5992141366004944, 0.5992141366004944, 0.5992141366004944, 0.4302554130554199, 0.5992141366004944, 0.5992141366004944, 0.5992141366004944, 0.5972495079040527, 0.5992141366004944, 0.5992141366004944, 0.5992141366004944, 0.5992141366004944, 0.5992141366004944, 0.5992141366004944, 0.5992141366004944, 0.5992141366004944, 0.5992141366004944, 0.5992141366004944]}