{"loss": [0.6903396248817444, 0.6097812652587891, 0.5733461976051331, 0.5467391014099121, 0.5286936163902283, 0.5143246650695801, 0.5154749751091003, 0.49801376461982727, 0.5047212243080139, 0.488895446062088, 0.4829865097999573, 0.4809272289276123, 0.476349800825119, 0.4697149097919464, 0.4733940660953522, 0.47997865080833435, 0.46658286452293396, 0.46561187505722046, 0.4748043417930603, 0.4700717628002167, 0.4702407121658325, 0.47004467248916626, 0.46610522270202637, 0.4724990725517273, 0.4798128306865692, 0.4685530960559845, 0.4644003212451935, 0.4561549425125122, 0.44669264554977417, 0.46074238419532776, 0.47485002875328064, 0.46894699335098267, 0.4536661207675934, 0.46384692192077637, 0.45438191294670105, 0.4585147500038147, 0.461702436208725, 0.46042630076408386, 0.4436565637588501, 0.4491713047027588, 0.46265044808387756, 0.4547182619571686], "binary_accuracy": [0.5987842082977295, 0.6662613749504089, 0.7112461924552917, 0.7288753986358643, 0.7519756555557251, 0.7489361763000488, 0.7629179358482361, 0.7756838798522949, 0.7641337513923645, 0.7884498238563538, 0.7781155109405518, 0.7860182523727417, 0.7896656394004822, 0.7957446575164795, 0.7902735471725464, 0.7902735471725464, 0.7927051782608032, 0.7908814549446106, 0.7793313264846802, 0.7884498238563538, 0.7945289015769958, 0.7914893627166748, 0.7951367497444153, 0.8018237352371216, 0.7951367497444153, 0.7939209938049316, 0.7963525652885437, 0.7987841963768005, 0.8151975870132446, 0.7963525652885437, 0.7969604730606079, 0.792097270488739, 0.8145896792411804, 0.7981762886047363, 0.8072948455810547, 0.8042553067207336, 0.7951367497444153, 0.8054711222648621, 0.8006079196929932, 0.8018237352371216, 0.7951367497444153, 0.8091185688972473], "val_loss": [0.6445244550704956, 0.5735594034194946, 0.5258482098579407, 0.5037478804588318, 0.4868849515914917, 0.4804103970527649, 0.4590218961238861, 0.43999573588371277, 0.43861934542655945, 0.4334293007850647, 0.42836794257164, 0.44499877095222473, 0.43610846996307373, 0.42043015360832214, 0.4402664303779602, 0.4266774356365204, 0.4429895579814911, 0.44915398955345154, 0.434152215719223, 0.41353505849838257, 0.4102807343006134, 0.42323586344718933, 0.44183844327926636, 0.41532284021377563, 0.41833359003067017, 0.4494839906692505, 0.41636133193969727, 0.4144728481769562, 0.4296707212924957, 0.4170645475387573, 0.42826560139656067, 0.4218180775642395, 0.414719820022583, 0.44068801403045654, 0.42471516132354736, 0.45183172821998596, 0.40796318650245667, 0.41629520058631897, 0.40966716408729553, 0.42761749029159546, 0.4349204897880554, 0.4453762471675873], "val_binary_accuracy": [0.6277777552604675, 0.7111111283302307, 0.7611111402511597, 0.7666666507720947, 0.7777777910232544, 0.7777777910232544, 0.7888888716697693, 0.8222222328186035, 0.8222222328186035, 0.8333333134651184, 0.8388888835906982, 0.8055555820465088, 0.8055555820465088, 0.8333333134651184, 0.8055555820465088, 0.8333333134651184, 0.8111110925674438, 0.8055555820465088, 0.8055555820465088, 0.8388888835906982, 0.8388888835906982, 0.8444444537162781, 0.8055555820465088, 0.8388888835906982, 0.8388888835906982, 0.800000011920929, 0.8333333134651184, 0.8388888835906982, 0.8277778029441833, 0.8388888835906982, 0.8277778029441833, 0.8222222328186035, 0.8388888835906982, 0.8055555820465088, 0.8222222328186035, 0.8111110925674438, 0.8444444537162781, 0.8333333134651184, 0.8388888835906982, 0.8277778029441833, 0.8277778029441833, 0.8111110925674438]}