{"loss": [0.667457640171051, 0.5786857604980469, 0.5544306039810181, 0.5404934287071228, 0.5348665118217468, 0.5245803594589233, 0.5226760506629944, 0.517005980014801, 0.517147421836853, 0.5142009258270264, 0.5149287581443787, 0.519342839717865, 0.5113083124160767, 0.5093144774436951, 0.5045563578605652, 0.5099493265151978, 0.5083483457565308, 0.5064778327941895, 0.5060798525810242, 0.5031874179840088, 0.5021761655807495, 0.5049444437026978, 0.49984803795814514, 0.5003952980041504, 0.49873360991477966, 0.5030142664909363, 0.49289071559906006, 0.5025104284286499, 0.5015396475791931, 0.5004066228866577, 0.4955539405345917, 0.49996230006217957], "binary_accuracy": [0.6089324355125427, 0.6884531378746033, 0.7043573260307312, 0.7193899750709534, 0.7315903902053833, 0.7289760112762451, 0.7392156720161438, 0.7470588088035583, 0.7322440147399902, 0.7400871515274048, 0.7396514415740967, 0.7381263375282288, 0.7398692965507507, 0.7450980544090271, 0.7455337643623352, 0.7433550953865051, 0.7472766637802124, 0.7459694743156433, 0.7416121959686279, 0.7466230988502502, 0.7474945783615112, 0.7474945783615112, 0.7479302883148193, 0.7525054216384888, 0.7599128484725952, 0.7496731877326965, 0.7549019455909729, 0.743573009967804, 0.7533769011497498, 0.7527233362197876, 0.7531590461730957, 0.755119800567627], "val_loss": [0.6204361915588379, 0.5960398316383362, 0.5738983154296875, 0.5734269022941589, 0.5547024607658386, 0.5576647520065308, 0.5558238625526428, 0.5670738220214844, 0.5494504570960999, 0.5410147309303284, 0.5394149422645569, 0.5410736203193665, 0.5332276821136475, 0.5448334813117981, 0.5342532396316528, 0.534727931022644, 0.5442700386047363, 0.5528484582901001, 0.5391737222671509, 0.5338082313537598, 0.532278299331665, 0.5466943979263306, 0.5326555967330933, 0.5322659015655518, 0.5512673258781433, 0.5499424934387207, 0.5401630401611328, 0.5273518562316895, 0.5279408693313599, 0.5409687757492065, 0.5562175512313843, 0.5322881937026978], "val_binary_accuracy": [0.6201550364494324, 0.6627907156944275, 0.6705426573753357, 0.6937984228134155, 0.682170569896698, 0.6957364082336426, 0.6937984228134155, 0.711240291595459, 0.7034883499145508, 0.711240291595459, 0.7034883499145508, 0.7073643207550049, 0.7189922332763672, 0.7093023061752319, 0.713178277015686, 0.7189922332763672, 0.713178277015686, 0.7189922332763672, 0.7054263353347778, 0.713178277015686, 0.7228682041168213, 0.7170542478561401, 0.7151162624359131, 0.7344961166381836, 0.7151162624359131, 0.7228682041168213, 0.7267441749572754, 0.7248061895370483, 0.7209302186965942, 0.7267441749572754, 0.7267441749572754, 0.7228682041168213]}