{"loss": [0.7011833786964417, 0.6706013083457947, 0.6450716257095337, 0.6130149364471436, 0.5754280686378479, 0.5454701781272888, 0.4996689260005951, 0.45710501074790955, 0.40315043926239014, 0.3640266954898834, 0.310540109872818, 0.25935304164886475, 0.2279091626405716, 0.20074160397052765], "binary_accuracy": [0.5271112322807312, 0.5920721292495728, 0.6236245632171631, 0.6554421186447144, 0.6997215747833252, 0.720137894153595, 0.748110830783844, 0.7812541723251343, 0.8113482594490051, 0.8300411105155945, 0.865703284740448, 0.88996422290802, 0.9085244536399841, 0.9191303253173828], "val_loss": [0.6818370223045349, 0.672054648399353, 0.6522402167320251, 0.6640545129776001, 0.634781002998352, 0.6306609511375427, 0.6810964345932007, 0.7123816013336182, 0.7509086728096008, 0.8283483386039734, 0.8483898639678955, 0.9230457544326782, 1.0923242568969727, 1.1117955446243286], "val_binary_accuracy": [0.5944976210594177, 0.5944976210594177, 0.6375598311424255, 0.6184210777282715, 0.6339712738990784, 0.6543062329292297, 0.6543062329292297, 0.6375598311424255, 0.6566985845565796, 0.6315789222717285, 0.6399521827697754, 0.6519138813018799, 0.6471291780471802, 0.6363636255264282]}