{"loss": [0.6063264608383179, 0.5657961964607239, 0.5572599172592163, 0.5572493076324463, 0.5469726920127869, 0.5558710098266602, 0.539012610912323, 0.5342327952384949, 0.5256586670875549, 0.5350594520568848, 0.522637128829956, 0.5357928276062012, 0.5230847597122192, 0.5357347130775452, 0.5306552052497864, 0.5216838121414185, 0.5192548036575317, 0.5269151329994202, 0.5239501595497131, 0.5205978155136108, 0.5253598690032959, 0.5185868740081787, 0.5208955407142639, 0.5240151286125183, 0.5256754755973816, 0.5245550274848938, 0.5210455656051636, 0.5277683138847351, 0.5183301568031311, 0.5278134346008301, 0.5155711770057678, 0.5286586880683899, 0.5116283893585205, 0.5160723924636841, 0.5262572169303894, 0.5309063196182251], "binary_accuracy": [0.6502174139022827, 0.689130425453186, 0.6976087093353271, 0.70652174949646, 0.7093478441238403, 0.710869550704956, 0.7208695411682129, 0.7306521534919739, 0.7389130592346191, 0.7260869741439819, 0.7343478202819824, 0.7193478345870972, 0.7256521582603455, 0.7250000238418579, 0.7265217304229736, 0.7326086759567261, 0.7319565415382385, 0.7356521487236023, 0.7367391586303711, 0.7363043427467346, 0.7343478202819824, 0.7421739101409912, 0.7354347705841064, 0.7345651984214783, 0.7319565415382385, 0.7400000095367432, 0.727173924446106, 0.7334782481193542, 0.7373912930488586, 0.731521725654602, 0.7415217161178589, 0.7308695912361145, 0.7421739101409912, 0.7386956810951233, 0.7317391037940979, 0.7228260636329651], "val_loss": [0.5432649850845337, 0.5436468124389648, 0.5086226463317871, 0.5075744986534119, 0.5087118744850159, 0.5145389437675476, 0.4980238080024719, 0.5055246353149414, 0.5230029821395874, 0.5160226821899414, 0.5014907717704773, 0.5097907185554504, 0.5056836009025574, 0.5178151726722717, 0.49456489086151123, 0.4930098056793213, 0.5331469774246216, 0.49365589022636414, 0.5097602009773254, 0.4920617341995239, 0.5076838731765747, 0.49467065930366516, 0.49200281500816345, 0.5607307553291321, 0.5075551867485046, 0.4966951012611389, 0.49587783217430115, 0.4903166890144348, 0.5035012364387512, 0.48665595054626465, 0.5057104229927063, 0.49285924434661865, 0.4905818700790405, 0.4921523630619049, 0.5129345655441284, 0.4918590486049652], "val_binary_accuracy": [0.7411067485809326, 0.7351778745651245, 0.7490118741989136, 0.747035562992096, 0.7430830001831055, 0.7549406886100769, 0.7569169998168945, 0.752964437007904, 0.7193675637245178, 0.7411067485809326, 0.7450593113899231, 0.7411067485809326, 0.747035562992096, 0.7272727489471436, 0.7430830001831055, 0.760869562625885, 0.7035573124885559, 0.7588932514190674, 0.7450593113899231, 0.752964437007904, 0.7371541261672974, 0.7569169998168945, 0.752964437007904, 0.6837944388389587, 0.747035562992096, 0.747035562992096, 0.7430830001831055, 0.7588932514190674, 0.731225311756134, 0.7569169998168945, 0.731225311756134, 0.7549406886100769, 0.7490118741989136, 0.760869562625885, 0.7411067485809326, 0.7549406886100769]}