{"loss": [0.6917811036109924, 0.6393721103668213, 0.6274381279945374, 0.6126736998558044, 0.6080453991889954, 0.6105736494064331, 0.6042018532752991, 0.6044058203697205, 0.602354109287262, 0.6025197505950928, 0.6040460467338562, 0.6029093861579895, 0.5971534848213196, 0.6010294556617737, 0.6021302938461304, 0.5989840030670166, 0.5996612906455994, 0.6024038791656494, 0.5963398814201355, 0.5966730713844299, 0.6014079451560974, 0.5953681468963623, 0.5992302894592285, 0.5935563445091248, 0.5983104705810547, 0.6028559803962708, 0.5980365872383118, 0.5981065630912781, 0.5981787443161011, 0.5952128171920776, 0.594413161277771, 0.599454402923584, 0.6003524661064148, 0.6021850109100342, 0.595166802406311, 0.5997412204742432, 0.5970963835716248, 0.5985371470451355, 0.5976378321647644, 0.6037837266921997, 0.5984407067298889, 0.5952392220497131, 0.5955153107643127, 0.5969098210334778], "binary_accuracy": [0.5606361627578735, 0.6319416761398315, 0.6437375545501709, 0.6652087569236755, 0.6645460724830627, 0.6693174242973328, 0.6755467057228088, 0.670112669467926, 0.6752816438674927, 0.6762093901634216, 0.6789926886558533, 0.6788601875305176, 0.682306170463562, 0.6824386715888977, 0.6759443283081055, 0.6766070127487183, 0.6805831789970398, 0.6777998805046082, 0.6815109252929688, 0.6796553730964661, 0.6759443283081055, 0.6837641000747681, 0.6811133027076721, 0.684691846370697, 0.6849569082260132, 0.6796553730964661, 0.6789926886558533, 0.6781975030899048, 0.6821736097335815, 0.680848240852356, 0.6886680126190186, 0.6787276268005371, 0.6797879338264465, 0.678462564945221, 0.6850894689559937, 0.6834989786148071, 0.6827037930488586, 0.6837641000747681, 0.684691846370697, 0.6828362941741943, 0.6837641000747681, 0.6840291619300842, 0.6815109252929688, 0.680848240852356], "val_loss": [0.6180129647254944, 0.585777223110199, 0.586127519607544, 0.5681005120277405, 0.5898294448852539, 0.563179075717926, 0.5678638219833374, 0.5511649250984192, 0.556976854801178, 0.5478968024253845, 0.549212634563446, 0.5488560199737549, 0.549835741519928, 0.5480872392654419, 0.5503971576690674, 0.5495833158493042, 0.5485318899154663, 0.5664582848548889, 0.5565590262413025, 0.541671097278595, 0.5424337983131409, 0.5428199172019958, 0.5404800772666931, 0.5397652387619019, 0.5412972569465637, 0.5426605939865112, 0.540554404258728, 0.5410465002059937, 0.5443546772003174, 0.5386159420013428, 0.5378652811050415, 0.5428289771080017, 0.5413459539413452, 0.5459620952606201, 0.5399963855743408, 0.5458086133003235, 0.5434598326683044, 0.5397709608078003, 0.5397653579711914, 0.5378375053405762, 0.5464918613433838, 0.5390172600746155, 0.5573782324790955, 0.5386552214622498], "val_binary_accuracy": [0.6510791182518005, 0.6894484162330627, 0.6678656935691833, 0.7326139211654663, 0.6498801112174988, 0.6942446231842041, 0.6834532618522644, 0.7182254195213318, 0.7002398371696472, 0.7350119948387146, 0.730215847492218, 0.7194244861602783, 0.7170263528823853, 0.7326139211654663, 0.7206234931945801, 0.7170263528823853, 0.7338129281997681, 0.6774580478668213, 0.6990407705307007, 0.7374100685119629, 0.7374100685119629, 0.7290167808532715, 0.7290167808532715, 0.7482014298439026, 0.7398081421852112, 0.7290167808532715, 0.7398081421852112, 0.7458033561706543, 0.7314148545265198, 0.7446042895317078, 0.743405282497406, 0.7266187071800232, 0.7386091351509094, 0.7194244861602783, 0.7422062158584595, 0.7194244861602783, 0.730215847492218, 0.7386091351509094, 0.7410072088241577, 0.7398081421852112, 0.714628279209137, 0.7374100685119629, 0.6870503425598145, 0.7362110018730164]}