{"loss": [2.1900782585144043, 1.6079862117767334, 1.4372135400772095, 1.309898853302002, 1.1848597526550293, 1.1406974792480469, 1.1156188249588013, 1.0555449724197388, 1.0635701417922974, 1.008129596710205, 1.0182311534881592, 0.9907050728797913, 0.9810758233070374, 0.9450149536132812, 0.9155169129371643, 0.9153742790222168, 0.901910126209259, 0.9154883027076721, 0.8913469314575195, 0.9056895971298218, 0.8852251172065735, 0.906740128993988, 0.8777008652687073, 0.8864477276802063, 0.8661935329437256, 0.8561965227127075, 0.9032232761383057, 0.8666536211967468, 0.8710092902183533, 0.9034987688064575, 0.846958339214325, 0.8363330960273743, 0.8428937196731567, 0.8129602074623108, 0.8820750713348389, 0.8736927509307861, 0.8619176745414734, 0.7947672605514526, 0.8549460172653198, 0.8404289484024048, 0.8165373206138611, 0.8218709230422974, 0.8117461204528809, 0.8047384023666382, 0.7907481789588928, 0.8114180564880371], "accuracy": [0.3086538314819336, 0.4644230902194977, 0.48317307233810425, 0.5408653616905212, 0.567307710647583, 0.5826923251152039, 0.5834543108940125, 0.5961538553237915, 0.6028845906257629, 0.6211538314819336, 0.6081730723381042, 0.6307692527770996, 0.6274038553237915, 0.6331730484962463, 0.6605769395828247, 0.6451923251152039, 0.6581730842590332, 0.6331730484962463, 0.6461538672447205, 0.651442289352417, 0.6600961685180664, 0.643750011920929, 0.6620192527770996, 0.6567307710647583, 0.6634615659713745, 0.682692289352417, 0.6471154093742371, 0.6615384817123413, 0.6653845906257629, 0.6451923251152039, 0.6697115302085876, 0.664731502532959, 0.6798076629638672, 0.6846153736114502, 0.6427884697914124, 0.6623125076293945, 0.6519230604171753, 0.6865384578704834, 0.6572115421295166, 0.6634615659713745, 0.6548076868057251, 0.6783654093742371, 0.6764423251152039, 0.6793269515037537, 0.6850961446762085, 0.6725961565971375], "val_loss": [1.714914083480835, 1.3593158721923828, 1.3057994842529297, 1.2513118982315063, 1.1154662370681763, 1.0733258724212646, 1.0377806425094604, 1.0780314207077026, 1.0354617834091187, 0.9656739830970764, 0.9425402879714966, 0.9598273038864136, 0.9190917611122131, 0.9260695576667786, 0.8224784731864929, 0.8531675338745117, 0.9239791631698608, 0.8913136124610901, 0.8600859045982361, 0.9341872334480286, 0.8081955313682556, 0.826764702796936, 0.8992553353309631, 0.8173599243164062, 0.7805172801017761, 0.802221953868866, 0.8341403603553772, 0.8061392903327942, 0.793613851070404, 0.7930150628089905, 0.7613691091537476, 0.7981457710266113, 0.8328672051429749, 0.7869442701339722, 0.8106772303581238, 0.8573662638664246, 0.8322533965110779, 0.7263275980949402, 0.7648453712463379, 0.7961100935935974, 0.8399538993835449, 0.9008938074111938, 0.7827814817428589, 0.8074668645858765, 0.7991825938224792, 0.8108381032943726], "val_accuracy": [0.4441964328289032, 0.5580357313156128, 0.5669642686843872, 0.5625, 0.5982142686843872, 0.6049107313156128, 0.6116071343421936, 0.6205357313156128, 0.59375, 0.6450892686843872, 0.6495535969734192, 0.6450892686843872, 0.6450892686843872, 0.6584821343421936, 0.6830357313156128, 0.6852678656578064, 0.6830357313156128, 0.6607142686843872, 0.6584821343421936, 0.671875, 0.6919642686843872, 0.671875, 0.640625, 0.6986607313156128, 0.7120535969734192, 0.6741071343421936, 0.6941964030265808, 0.703125, 0.7120535969734192, 0.6875, 0.7366071343421936, 0.671875, 0.6629464030265808, 0.6808035969734192, 0.6897321343421936, 0.6941964030265808, 0.6964285969734192, 0.7410714030265808, 0.7120535969734192, 0.6986607313156128, 0.6986607313156128, 0.6629464030265808, 0.6941964030265808, 0.6830357313156128, 0.6830357313156128, 0.7321428656578064]}