{"loss": [2.369489908218384, 1.9261739253997803, 1.719411849975586, 1.5665128231048584, 1.4919099807739258, 1.4141355752944946, 1.368906021118164, 1.3153300285339355, 1.2832574844360352, 1.260679841041565, 1.266432762145996, 1.1814053058624268, 1.2128068208694458, 1.1352989673614502, 1.141200304031372, 1.1360775232315063, 1.1298420429229736, 1.1093040704727173, 1.1371382474899292, 1.0830445289611816, 1.0783640146255493, 1.0827716588974, 1.0807855129241943, 1.0870994329452515], "accuracy": [0.21201923489570618, 0.35865384340286255, 0.41971153020858765, 0.45817306637763977, 0.5096153616905212, 0.5004807710647583, 0.5269230604171753, 0.5288461446762085, 0.536057710647583, 0.5572115182876587, 0.53125, 0.5701923370361328, 0.5605769157409668, 0.5884615182876587, 0.5826923251152039, 0.5865384340286255, 0.5903846025466919, 0.5903846025466919, 0.5759615302085876, 0.5860576629638672, 0.606249988079071, 0.5841346383094788, 0.6038461327552795, 0.5879807472229004], "val_loss": [1.9851778745651245, 1.6297818422317505, 1.4493831396102905, 1.3466145992279053, 1.2975109815597534, 1.2459713220596313, 1.1861917972564697, 1.2212761640548706, 1.170972466468811, 1.1930160522460938, 1.1456862688064575, 1.0913232564926147, 1.078964114189148, 1.0265268087387085, 1.0133858919143677, 0.9977939128875732, 1.020635724067688, 0.9816473722457886, 1.015695333480835, 1.0067075490951538, 1.0412547588348389, 0.9936959147453308, 1.0405455827713013, 0.9070642590522766], "val_accuracy": [0.3583333194255829, 0.49791666865348816, 0.4729166626930237, 0.5479166507720947, 0.53125, 0.581250011920929, 0.606249988079071, 0.5520833134651184, 0.5833333134651184, 0.5458333492279053, 0.581250011920929, 0.6041666865348816, 0.574999988079071, 0.5958333611488342, 0.625, 0.65625, 0.6208333373069763, 0.6166666746139526, 0.637499988079071, 0.6312500238418579, 0.612500011920929, 0.6354166865348816, 0.6145833134651184, 0.6541666388511658]}