{"loss": [0.7167882323265076, 0.6865087151527405, 0.6764905452728271, 0.6654242277145386, 0.6716386079788208, 0.6838201880455017, 0.6852762699127197, 0.6710135340690613, 0.66163569688797, 0.6641402840614319, 0.6609287858009338, 0.6635055541992188, 0.6592046022415161, 0.6595675945281982, 0.6570837497711182, 0.6696546077728271, 0.6550931334495544, 0.6557955145835876, 0.6604548692703247, 0.6753771305084229, 0.672139048576355, 0.6604006290435791, 0.6587808728218079, 0.6584574580192566, 0.6589148044586182, 0.6632516980171204, 0.655684232711792, 0.6558685302734375, 0.6554189324378967, 0.6571129560470581, 0.6590852737426758, 0.6582390069961548, 0.6561447978019714, 0.6534532904624939, 0.6643713712692261, 0.6566206216812134, 0.6596337556838989, 0.6585732102394104, 0.6567364931106567, 0.6614395380020142, 0.6550025343894958, 0.6548830270767212, 0.6646018028259277, 0.6524657607078552, 0.6552120447158813, 0.653486967086792, 0.6548457741737366, 0.6571467518806458, 0.6523095369338989, 0.6519953012466431, 0.6539865136146545, 0.6537389755249023, 0.6533547639846802, 0.6564812660217285, 0.655446469783783, 0.6533130407333374, 0.6493728756904602, 0.651120126247406, 0.6546505689620972, 0.6687785387039185, 0.6561416983604431, 0.6508489847183228, 0.6493567824363708, 0.6643621921539307, 0.6471856236457825, 0.6555235385894775, 0.6593709588050842, 0.6619883179664612, 0.6496198773384094, 0.6528186202049255, 0.6539154052734375, 0.6534548997879028, 0.6566874980926514, 0.652876615524292, 0.6518298983573914, 0.647269606590271, 0.6506978273391724, 0.650026798248291, 0.6523168087005615, 0.6543074250221252, 0.6492496132850647, 0.6507528424263, 0.6495264768600464, 0.6551163792610168, 0.6463500261306763, 0.6452547311782837, 0.6489472985267639, 0.6460357904434204, 0.6538076400756836, 0.6516706347465515, 0.6604724526405334, 0.6551805138587952, 0.6519643068313599, 0.644463837146759], "binary_accuracy": [0.5740402340888977, 0.5959780812263489, 0.6154783964157104, 0.6258379220962524, 0.6002437472343445, 0.5978062152862549, 0.6057282090187073, 0.6142596006393433, 0.631931722164154, 0.6087751388549805, 0.6270566582679749, 0.6270566582679749, 0.6343693137168884, 0.6361974477767944, 0.6349786520004272, 0.6288848519325256, 0.6343693137168884, 0.6374161839485168, 0.6331505179405212, 0.6221815943717957, 0.6227909922599792, 0.6325411200523376, 0.6337599158287048, 0.6361974477767944, 0.64046311378479, 0.6355880498886108, 0.6361974477767944, 0.6361974477767944, 0.6380255818367004, 0.6349786520004272, 0.6337599158287048, 0.636806845664978, 0.6398537755012512, 0.638634979724884, 0.628275454044342, 0.6398537755012512, 0.631931722164154, 0.6355880498886108, 0.6422913074493408, 0.6374161839485168, 0.638634979724884, 0.6337599158287048, 0.6288848519325256, 0.6398537755012512, 0.6343693137168884, 0.6325411200523376, 0.638634979724884, 0.6361974477767944, 0.64046311378479, 0.64046311378479, 0.6374161839485168, 0.6380255818367004, 0.6374161839485168, 0.6374161839485168, 0.6380255818367004, 0.6392443776130676, 0.6410725116729736, 0.6410725116729736, 0.6361974477767944, 0.6294941902160645, 0.6276660561561584, 0.64046311378479, 0.6361974477767944, 0.636806845664978, 0.6398537755012512, 0.6288848519325256, 0.6349786520004272, 0.6331505179405212, 0.638634979724884, 0.6374161839485168, 0.6325411200523376, 0.6331505179405212, 0.6392443776130676, 0.64046311378479, 0.6422913074493408, 0.6422913074493408, 0.6349786520004272, 0.64046311378479, 0.64046311378479, 0.6435100436210632, 0.636806845664978, 0.6374161839485168, 0.6410725116729736, 0.6343693137168884, 0.6422913074493408, 0.6398537755012512, 0.6380255818367004, 0.645338237285614, 0.6392443776130676, 0.6398537755012512, 0.6325411200523376, 0.636806845664978, 0.6325411200523376, 0.6392443776130676], "val_loss": [0.6441164016723633, 0.6641306281089783, 0.6380936503410339, 0.6419899463653564, 0.6480947732925415, 0.6617294549942017, 0.6567311882972717, 0.6375512480735779, 0.6472744941711426, 0.6398036479949951, 0.6362177133560181, 0.6383966207504272, 0.6359336376190186, 0.6361778974533081, 0.6395548582077026, 0.6593888998031616, 0.6366353034973145, 0.6673079133033752, 0.6353581547737122, 0.6413107514381409, 0.6366405487060547, 0.6411632895469666, 0.6354501843452454, 0.6400861144065857, 0.6360921263694763, 0.6357370615005493, 0.6352607011795044, 0.6439454555511475, 0.6397160887718201, 0.63711017370224, 0.6444875597953796, 0.6420615911483765, 0.6345621347427368, 0.6342501044273376, 0.6335536241531372, 0.6378283500671387, 0.634350597858429, 0.6395478248596191, 0.6499030590057373, 0.6349142789840698, 0.6335776448249817, 0.6535010933876038, 0.6621806025505066, 0.6658666133880615, 0.6338608860969543, 0.6509036421775818, 0.6335152387619019, 0.6472546458244324, 0.636740505695343, 0.6391105055809021, 0.639330267906189, 0.6345638632774353, 0.6369795799255371, 0.6331043839454651, 0.633217453956604, 0.6382603049278259, 0.6325327754020691, 0.6668544411659241, 0.6685869097709656, 0.6403629183769226, 0.636254608631134, 0.6344651579856873, 0.6376817226409912, 0.6518843770027161, 0.6371901631355286, 0.6559065580368042, 0.6581604480743408, 0.6515513062477112, 0.6419641971588135, 0.63580322265625, 0.6316473484039307, 0.6423156261444092, 0.6337147355079651, 0.6305620670318604, 0.6306303143501282, 0.6326897144317627, 0.6425809264183044, 0.6515025496482849, 0.6394885778427124, 0.6322500705718994, 0.6423520445823669, 0.6374316215515137, 0.6558074355125427, 0.6366502642631531, 0.6324600577354431, 0.6386250257492065, 0.6306115984916687, 0.6333628296852112, 0.6367033123970032, 0.6580742597579956, 0.6330621242523193, 0.6307368278503418, 0.6332243084907532, 0.6610829830169678], "val_binary_accuracy": [0.6630434989929199, 0.6630434989929199, 0.6630434989929199, 0.6630434989929199, 0.6630434989929199, 0.6630434989929199, 0.6630434989929199, 0.6630434989929199, 0.6630434989929199, 0.6630434989929199, 0.6630434989929199, 0.6630434989929199, 0.6630434989929199, 0.6630434989929199, 0.6630434989929199, 0.6630434989929199, 0.6630434989929199, 0.6630434989929199, 0.6630434989929199, 0.6630434989929199, 0.6630434989929199, 0.6630434989929199, 0.6630434989929199, 0.6630434989929199, 0.6630434989929199, 0.6630434989929199, 0.6630434989929199, 0.6630434989929199, 0.6630434989929199, 0.6630434989929199, 0.6630434989929199, 0.6630434989929199, 0.6630434989929199, 0.6630434989929199, 0.6630434989929199, 0.6630434989929199, 0.6630434989929199, 0.6630434989929199, 0.6630434989929199, 0.6630434989929199, 0.6630434989929199, 0.6630434989929199, 0.66847825050354, 0.6630434989929199, 0.6630434989929199, 0.6630434989929199, 0.6630434989929199, 0.6630434989929199, 0.6630434989929199, 0.6630434989929199, 0.6630434989929199, 0.6630434989929199, 0.6630434989929199, 0.6630434989929199, 0.6630434989929199, 0.6630434989929199, 0.6630434989929199, 0.66847825050354, 0.679347813129425, 0.6630434989929199, 0.6630434989929199, 0.6630434989929199, 0.6630434989929199, 0.66847825050354, 0.6630434989929199, 0.66847825050354, 0.66847825050354, 0.66847825050354, 0.6630434989929199, 0.6630434989929199, 0.6630434989929199, 0.6630434989929199, 0.6630434989929199, 0.6630434989929199, 0.6630434989929199, 0.6630434989929199, 0.6630434989929199, 0.6630434989929199, 0.6630434989929199, 0.6630434989929199, 0.6630434989929199, 0.6630434989929199, 0.657608687877655, 0.6630434989929199, 0.6630434989929199, 0.6630434989929199, 0.6630434989929199, 0.6630434989929199, 0.6630434989929199, 0.6630434989929199, 0.6630434989929199, 0.6630434989929199, 0.6630434989929199, 0.66847825050354]}