{"loss": [0.6929944753646851, 0.6810047030448914, 0.6776151657104492, 0.6729696393013, 0.6666979193687439, 0.6660827994346619, 0.66529381275177, 0.6552166938781738, 0.65273517370224, 0.6465863585472107, 0.6437035799026489, 0.6377822756767273, 0.634793221950531, 0.630574107170105, 0.628919243812561, 0.6273133754730225, 0.6253872513771057, 0.617942214012146, 0.6149938702583313, 0.6128628253936768, 0.6168772578239441, 0.6125835180282593, 0.6097455024719238, 0.606399655342102], "binary_accuracy": [0.5368896126747131, 0.575238823890686, 0.5818736553192139, 0.5908970236778259, 0.5948778986930847, 0.5983280539512634, 0.6041666865348816, 0.6198248267173767, 0.6111995577812195, 0.6243365406990051, 0.6232749223709106, 0.6393312215805054, 0.6372080445289612, 0.6423832178115845, 0.6430467367172241, 0.6503450274467468, 0.6504777073860168, 0.6596337556838989, 0.6608280539512634, 0.662685751914978, 0.6591029763221741, 0.6629511713981628, 0.6667993664741516, 0.6681263446807861], "val_loss": [0.6794714331626892, 0.6683927178382874, 0.666151762008667, 0.668316125869751, 0.6599394679069519, 0.6642777323722839, 0.6464073657989502, 0.628539502620697, 0.6475428342819214, 0.6240049004554749, 0.6208816170692444, 0.6089760661125183, 0.6138015389442444, 0.6415852904319763, 0.5938681364059448, 0.6060289740562439, 0.5992422699928284, 0.5926539301872253, 0.5800049901008606, 0.5863255858421326, 0.5834208130836487, 0.5996097922325134, 0.5928398966789246, 0.6087932586669922], "val_binary_accuracy": [0.5966785550117493, 0.5907473564147949, 0.6026097536087036, 0.6120996475219727, 0.5978647470474243, 0.5824436545372009, 0.6322657465934753, 0.6797152757644653, 0.600237250328064, 0.6642941832542419, 0.6666666865348816, 0.6797152757644653, 0.6631079316139221, 0.6014235019683838, 0.6880189776420593, 0.6714116334915161, 0.6892052292823792, 0.6951364278793335, 0.7093712687492371, 0.6844602823257446, 0.708185076713562, 0.6702253818511963, 0.6785290837287903, 0.6607354879379272]}