{"loss": [0.7060532569885254, 0.6624007821083069, 0.6553817987442017, 0.6519912481307983, 0.6465239524841309, 0.6393965482711792, 0.6375939846038818, 0.6401718854904175, 0.6315383315086365, 0.6334328651428223, 0.6356738209724426, 0.6313648819923401, 0.6332109570503235, 0.6289749145507812, 0.6293858289718628, 0.6236160397529602, 0.6260630488395691, 0.6221018433570862, 0.6228373050689697, 0.631397545337677, 0.6243346333503723, 0.6230600476264954, 0.6235184669494629, 0.6267294883728027, 0.6174054145812988, 0.6289718151092529, 0.6239659786224365, 0.6244029402732849, 0.6238436102867126], "binary_accuracy": [0.571397602558136, 0.593499481678009, 0.6043336987495422, 0.6049837470054626, 0.614517867565155, 0.6236186623573303, 0.6283857226371765, 0.620585024356842, 0.6197183132171631, 0.620585024356842, 0.6208017468452454, 0.6342361569404602, 0.6184182167053223, 0.6292524337768555, 0.6307692527770996, 0.6372697949409485, 0.6320693492889404, 0.6331527829170227, 0.6359696388244629, 0.6255688071250916, 0.6429035663604736, 0.6346695423126221, 0.6372697949409485, 0.6366197466850281, 0.6398699879646301, 0.6253520846366882, 0.6377031207084656, 0.6303358674049377, 0.6342361569404602], "val_loss": [0.6505299210548401, 0.6358168125152588, 0.6289141178131104, 0.6340360045433044, 0.6293869018554688, 0.6292650103569031, 0.6450995206832886, 0.6221968531608582, 0.6189875602722168, 0.619009792804718, 0.6180998086929321, 0.6703141927719116, 0.6165761947631836, 0.6226798295974731, 0.6269041299819946, 0.6207032799720764, 0.6146031618118286, 0.6164819002151489, 0.6345786452293396, 0.6142873167991638, 0.6141583919525146, 0.620392918586731, 0.6206477284431458, 0.6313105225563049, 0.6231762766838074, 0.6276984810829163, 0.6206574440002441, 0.6176455616950989, 0.6307561993598938], "val_binary_accuracy": [0.6334012150764465, 0.6293278932571411, 0.6334012150764465, 0.6272912621498108, 0.6313645839691162, 0.6232179403305054, 0.6008146405220032, 0.6232179403305054, 0.6415478587150574, 0.639511227607727, 0.6415478587150574, 0.5702647566795349, 0.637474536895752, 0.6048879623413086, 0.6048879623413086, 0.6150712966918945, 0.6272912621498108, 0.637474536895752, 0.6130346059799194, 0.6252545714378357, 0.6232179403305054, 0.6334012150764465, 0.6048879623413086, 0.6191446185112, 0.6334012150764465, 0.6334012150764465, 0.6109979748725891, 0.6109979748725891, 0.639511227607727]}