{"loss": [0.6650523543357849, 0.6188780665397644, 0.6038637757301331, 0.5891352891921997, 0.5863696336746216, 0.5859799385070801, 0.5808309316635132, 0.5809414386749268, 0.5744225978851318, 0.5737830996513367, 0.5732907652854919, 0.5684286952018738, 0.5690644979476929, 0.5744535326957703, 0.5713794827461243, 0.5711838603019714, 0.5734814405441284, 0.5703838467597961, 0.5734148025512695, 0.5710915327072144, 0.5715708136558533, 0.5688455104827881, 0.5716050267219543, 0.5717319250106812, 0.5704563856124878, 0.5735410451889038, 0.5690926909446716, 0.569165050983429, 0.5683977007865906, 0.5667056441307068, 0.5699288845062256, 0.5718340873718262], "binary_accuracy": [0.5948812961578369, 0.6561464071273804, 0.6770985126495361, 0.6846572160720825, 0.6906245946884155, 0.6938071846961975, 0.7011006474494934, 0.7003049850463867, 0.6993767619132996, 0.7009680271148682, 0.6996419429779053, 0.7083941102027893, 0.7040180563926697, 0.7029571533203125, 0.7069354057312012, 0.7041506171226501, 0.7081288695335388, 0.7083941102027893, 0.7074658274650574, 0.7093223929405212, 0.7033550143241882, 0.7038854360580444, 0.7072006464004517, 0.703222393989563, 0.7025593519210815, 0.711974561214447, 0.706404983997345, 0.7012332677841187, 0.7086593508720398, 0.7077310681343079, 0.7065376043319702, 0.7097201943397522], "val_loss": [0.5886915326118469, 0.5682879686355591, 0.5657477378845215, 0.5522027611732483, 0.552422046661377, 0.5665490627288818, 0.5468387007713318, 0.5596866607666016, 0.545220673084259, 0.5573837161064148, 0.5449221730232239, 0.5441638231277466, 0.5434513688087463, 0.5484858155250549, 0.5487781167030334, 0.541202962398529, 0.5444173812866211, 0.5397083163261414, 0.5427250266075134, 0.5433651804924011, 0.541799008846283, 0.5607011914253235, 0.5426348447799683, 0.5407794713973999, 0.543394923210144, 0.5428014993667603, 0.5460553765296936, 0.5403259992599487, 0.5438612103462219, 0.5501447916030884, 0.541519284248352, 0.5415986776351929], "val_binary_accuracy": [0.7195703983306885, 0.7183771133422852, 0.7171837687492371, 0.7291169166564941, 0.7207637429237366, 0.7112171649932861, 0.7243436574935913, 0.7064439058303833, 0.723150372505188, 0.7171837687492371, 0.7267302870750427, 0.7338902354240417, 0.723150372505188, 0.7291169166564941, 0.699284017086029, 0.7338902354240417, 0.7255370020866394, 0.7255370020866394, 0.7279236316680908, 0.7315036058425903, 0.7207637429237366, 0.7136037945747375, 0.7315036058425903, 0.7291169166564941, 0.7136037945747375, 0.7243436574935913, 0.723150372505188, 0.7219570279121399, 0.7147971391677856, 0.7207637429237366, 0.7183771133422852, 0.7207637429237366]}