{"loss": [0.606431782245636, 0.5742164254188538, 0.560926616191864, 0.5481416583061218, 0.5289223194122314, 0.506108283996582, 0.47186118364334106, 0.4284157454967499, 0.37008044123649597, 0.32231172919273376, 0.2547391355037689, 0.2191442847251892], "binary_accuracy": [0.7236341834068298, 0.7270362377166748, 0.7262357473373413, 0.728637158870697, 0.7330397963523865, 0.7478486895561218, 0.7700620293617249, 0.7924754619598389, 0.8274964690208435, 0.8513107895851135, 0.8875325322151184, 0.9047428369522095], "val_loss": [0.5343457460403442, 0.5298558473587036, 0.5312074422836304, 0.5263416767120361, 0.5273991227149963, 0.5362830758094788, 0.5435295701026917, 0.5887861847877502, 0.6346529722213745, 0.6483157873153687, 0.7467811703681946, 0.8300691246986389], "val_binary_accuracy": [0.7820512652397156, 0.7820512652397156, 0.7802197933197021, 0.7820512652397156, 0.7637362480163574, 0.7545787692070007, 0.7564102411270142, 0.7069597244262695, 0.7014651894569397, 0.7252747416496277, 0.7307692170143127, 0.6776556968688965]}