{"loss": [0.7702974081039429, 0.6719035506248474, 0.6320255994796753, 0.616091251373291, 0.5966848731040955, 0.5716351270675659, 0.5611693859100342, 0.5582770109176636, 0.5422755479812622, 0.5303539633750916, 0.5290396213531494, 0.5235523581504822, 0.5332833528518677, 0.5127273201942444, 0.5135989785194397, 0.5169093012809753, 0.5176132917404175, 0.5004071593284607, 0.5275985598564148, 0.502323567867279, 0.4953571856021881, 0.48952558636665344, 0.513666570186615, 0.5006163716316223, 0.484628826379776, 0.48327764868736267, 0.4876578748226166, 0.4951793849468231, 0.5017243027687073, 0.48603662848472595, 0.49779075384140015, 0.4920530915260315], "binary_accuracy": [0.5039232969284058, 0.5945945978164673, 0.6442894339561462, 0.666085422039032, 0.6826503872871399, 0.7114210724830627, 0.7166521549224854, 0.7349607944488525, 0.7497820258140564, 0.750653862953186, 0.7558849453926086, 0.7567567825317383, 0.7375763058662415, 0.7637314796447754, 0.7628596425056458, 0.7462946772575378, 0.7585004568099976, 0.774193525314331, 0.7541412115097046, 0.7759371995925903, 0.764603316783905, 0.7802964448928833, 0.764603316783905, 0.7602441310882568, 0.78814297914505, 0.7811682820320129, 0.7794246077537537, 0.7689625024795532, 0.7611159682273865, 0.7942458391189575, 0.7663469910621643, 0.7863993048667908], "val_loss": [0.7127493023872375, 0.665570855140686, 0.6470254063606262, 0.6406461596488953, 0.6281668543815613, 0.6275748610496521, 0.6290349364280701, 0.616412341594696, 0.6365435123443604, 0.6253218054771423, 0.6187840104103088, 0.6147491335868835, 0.6191648244857788, 0.6229798197746277, 0.6405989527702332, 0.6385402679443359, 0.6279914975166321, 0.6179069876670837, 0.6526839137077332, 0.6372681260108948, 0.6202360391616821, 0.6166712045669556, 0.6434210538864136, 0.6282970905303955, 0.5987524390220642, 0.6243034601211548, 0.6068528890609741, 0.6299858689308167, 0.6230039596557617, 0.6140077114105225, 0.6330828666687012, 0.6400240063667297], "val_binary_accuracy": [0.47200000286102295, 0.5759999752044678, 0.6480000019073486, 0.6320000290870667, 0.6240000128746033, 0.6320000290870667, 0.6240000128746033, 0.6320000290870667, 0.6320000290870667, 0.6240000128746033, 0.6399999856948853, 0.671999990940094, 0.6399999856948853, 0.6320000290870667, 0.6399999856948853, 0.6399999856948853, 0.6399999856948853, 0.6399999856948853, 0.656000018119812, 0.6639999747276306, 0.6639999747276306, 0.6399999856948853, 0.6639999747276306, 0.656000018119812, 0.671999990940094, 0.6480000019073486, 0.6639999747276306, 0.6480000019073486, 0.6639999747276306, 0.671999990940094, 0.6639999747276306, 0.6639999747276306]}