{"loss": [0.621540904045105, 0.5971589684486389, 0.5940755605697632, 0.587246835231781, 0.5861351490020752, 0.586586058139801, 0.5855273008346558, 0.5815386772155762, 0.5903050899505615, 0.588649332523346, 0.5806178450584412, 0.5812463164329529, 0.5836519002914429, 0.5854505896568298, 0.5808442831039429, 0.5846080780029297, 0.5808958411216736, 0.5840855836868286, 0.5819420218467712, 0.5843961238861084, 0.5832031965255737], "binary_accuracy": [0.7090327739715576, 0.7278177738189697, 0.7292166352272034, 0.7290167808532715, 0.7290167808532715, 0.7294164896011353, 0.7298161387443542, 0.7298161387443542, 0.7248201370239258, 0.7294164896011353, 0.7298161387443542, 0.7298161387443542, 0.7298161387443542, 0.7298161387443542, 0.7300159931182861, 0.7296162843704224, 0.7298161387443542, 0.7298161387443542, 0.7298161387443542, 0.7298161387443542, 0.7300159931182861], "val_loss": [0.5524478554725647, 0.573632001876831, 0.6028960943222046, 0.5511514544487, 0.5597789287567139, 0.5555495023727417, 0.548693835735321, 0.5608541369438171, 0.5482059717178345, 0.5465138554573059, 0.55681312084198, 0.5460631251335144, 0.5532525181770325, 0.5462753772735596, 0.5467605590820312, 0.5508575439453125, 0.5636245608329773, 0.5519288182258606, 0.5472526550292969, 0.5452991127967834, 0.5450208187103271], "val_binary_accuracy": [0.7551020383834839, 0.7551020383834839, 0.7551020383834839, 0.7551020383834839, 0.7551020383834839, 0.7551020383834839, 0.7551020383834839, 0.7551020383834839, 0.7551020383834839, 0.7551020383834839, 0.7551020383834839, 0.7551020383834839, 0.7551020383834839, 0.7551020383834839, 0.7551020383834839, 0.7551020383834839, 0.7551020383834839, 0.7551020383834839, 0.7551020383834839, 0.7551020383834839, 0.7551020383834839]}