{"loss": [2.3775508403778076, 2.1967098712921143, 2.082141876220703, 2.000343084335327, 1.933536410331726, 1.922865629196167, 1.8974138498306274, 1.8845117092132568, 1.8820854425430298, 1.8352586030960083, 1.8269333839416504, 1.81283438205719, 1.7983614206314087, 1.804726004600525, 1.7580313682556152, 1.7557189464569092, 1.7184364795684814, 1.757400393486023, 1.7276973724365234, 1.7024953365325928, 1.6914151906967163, 1.6872034072875977, 1.6678370237350464, 1.6846697330474854, 1.6395792961120605, 1.6219184398651123, 1.652732014656067, 1.6269934177398682, 1.6384103298187256, 1.6360849142074585, 1.5751912593841553, 1.6097228527069092, 1.6047546863555908, 1.5526368618011475, 1.5712826251983643, 1.5646097660064697, 1.531783103942871, 1.5551682710647583, 1.555780291557312, 1.5172218084335327, 1.5451631546020508, 1.5163336992263794, 1.5116806030273438], "accuracy": [0.21177884936332703, 0.274278849363327, 0.30643218755722046, 0.32548075914382935, 0.34687501192092896, 0.34834980964660645, 0.3656249940395355, 0.37091347575187683, 0.3711538314819336, 0.3822115361690521, 0.3831730782985687, 0.38135388493537903, 0.3858173191547394, 0.38942307233810425, 0.4033653736114502, 0.3944711685180664, 0.414903849363327, 0.3939903974533081, 0.42115384340286255, 0.421875, 0.42115384340286255, 0.40793269872665405, 0.43725961446762085, 0.4110576808452606, 0.4293269217014313, 0.4262019097805023, 0.43533653020858765, 0.43149039149284363, 0.4242788553237915, 0.43725961446762085, 0.45576924085617065, 0.44903847575187683, 0.4512019157409668, 0.4593749940395355, 0.45192307233810425, 0.4447115361690521, 0.46085280179977417, 0.4629807770252228, 0.46274039149284363, 0.4653846025466919, 0.4615384638309479, 0.48365384340286255, 0.4634615480899811], "val_loss": [2.2707090377807617, 2.078693389892578, 1.9831875562667847, 2.0386900901794434, 1.931967854499817, 1.9121415615081787, 1.9582630395889282, 1.8277732133865356, 1.807849407196045, 1.8799166679382324, 1.8654329776763916, 1.8312402963638306, 1.805942416191101, 1.8045018911361694, 1.8057315349578857, 1.789963960647583, 1.749524474143982, 1.7585368156433105, 1.7752645015716553, 1.677828073501587, 1.6761232614517212, 1.7186620235443115, 1.6913139820098877, 1.640102505683899, 1.5966914892196655, 1.6374531984329224, 1.669416904449463, 1.6463247537612915, 1.6138495206832886, 1.5589861869812012, 1.6101691722869873, 1.5898127555847168, 1.6486684083938599, 1.576915979385376, 1.513602614402771, 1.4881441593170166, 1.554028034210205, 1.6025885343551636, 1.5217242240905762, 1.519750714302063, 1.6384894847869873, 1.5743961334228516, 1.5471187829971313], "val_accuracy": [0.25312501192092896, 0.3239583373069763, 0.3385416567325592, 0.32499998807907104, 0.37187498807907104, 0.3604166805744171, 0.3499999940395355, 0.3687500059604645, 0.3843750059604645, 0.3635416626930237, 0.3552083373069763, 0.3947916626930237, 0.3968749940395355, 0.3635416626930237, 0.39375001192092896, 0.38854166865348816, 0.41874998807907104, 0.3812499940395355, 0.3791666626930237, 0.4270833432674408, 0.4270833432674408, 0.40833333134651184, 0.40625, 0.4260416626930237, 0.4437499940395355, 0.43437498807907104, 0.44062501192092896, 0.42395833134651184, 0.41354167461395264, 0.4427083432674408, 0.4270833432674408, 0.44583332538604736, 0.4114583432674408, 0.43020832538604736, 0.4729166626930237, 0.4541666805744171, 0.4437499940395355, 0.4385416805744171, 0.44999998807907104, 0.4583333432674408, 0.4375, 0.4270833432674408, 0.44999998807907104]}