{"loss": [2.6491446495056152, 2.5508267879486084, 2.5440032482147217, 2.5441620349884033, 2.5019195079803467, 2.4702446460723877, 2.448009967803955, 2.457028865814209, 2.448037624359131, 2.4583187103271484, 2.4080984592437744, 2.416285753250122, 2.3957431316375732, 2.395472288131714, 2.4194536209106445, 2.4322152137756348, 2.41538667678833, 2.4032275676727295, 2.4028050899505615, 2.396984577178955, 2.374136209487915, 2.397379159927368, 2.4047272205352783, 2.3868236541748047, 2.383568525314331, 2.3747639656066895, 2.3888211250305176, 2.4075241088867188, 2.372241258621216, 2.377678871154785, 2.3948168754577637, 2.397202730178833, 2.3990695476531982, 2.3733646869659424, 2.3561642169952393, 2.3445749282836914, 2.3523950576782227, 2.339463949203491, 2.3760812282562256, 2.36089825630188, 2.3568272590637207, 2.368629217147827, 2.3784523010253906, 2.3579211235046387], "accuracy": [0.11261478811502457, 0.13173076510429382, 0.13509614765644073, 0.1278846114873886, 0.14038461446762085, 0.14471153914928436, 0.16826923191547394, 0.16442307829856873, 0.1586538404226303, 0.1567307710647583, 0.18173076212406158, 0.17259615659713745, 0.18269230425357819, 0.1870192289352417, 0.16730768978595734, 0.16875000298023224, 0.17451922595500946, 0.1918269246816635, 0.1860576868057251, 0.19663462042808533, 0.1855769157409668, 0.1908653825521469, 0.18221153318881989, 0.20240384340286255, 0.17451922595500946, 0.1894230842590332, 0.1889423131942749, 0.1841346174478531, 0.19519230723381042, 0.19623006880283356, 0.19567307829856873, 0.1879807710647583, 0.19903846085071564, 0.19230769574642181, 0.20048077404499054, 0.20769231021404266, 0.19961333274841309, 0.20432692766189575, 0.19278846681118011, 0.20624999701976776, 0.1913461536169052, 0.19903846085071564, 0.19615384936332703, 0.20347994565963745], "val_loss": [2.4554295539855957, 2.425745964050293, 2.5027060508728027, 2.427755832672119, 2.438929796218872, 2.463005542755127, 2.469592332839966, 2.4645798206329346, 2.376899242401123, 2.437425374984741, 2.432643413543701, 2.4209561347961426, 2.4099457263946533, 2.4026150703430176, 2.4798920154571533, 2.353069543838501, 2.4047324657440186, 2.4230611324310303, 2.3547701835632324, 2.4289729595184326, 2.3842289447784424, 2.4028522968292236, 2.357111692428589, 2.3265998363494873, 2.3578038215637207, 2.3510994911193848, 2.355233669281006, 2.498098134994507, 2.3447816371917725, 2.339104413986206, 2.343783140182495, 2.336374521255493, 2.3836119174957275, 2.3250088691711426, 2.309910535812378, 2.3562657833099365, 2.3687398433685303, 2.3383402824401855, 2.3122739791870117, 2.385237693786621, 2.3853328227996826, 2.367412567138672, 2.361999988555908, 2.311896800994873], "val_accuracy": [0.18125000596046448, 0.16249999403953552, 0.11041666567325592, 0.14791665971279144, 0.17291666567325592, 0.13750000298023224, 0.13750000298023224, 0.14791665971279144, 0.1979166716337204, 0.12708333134651184, 0.21250000596046448, 0.12291666865348816, 0.15208333730697632, 0.16249999403953552, 0.18958333134651184, 0.18333333730697632, 0.1979166716337204, 0.24791666865348816, 0.21041665971279144, 0.16875000298023224, 0.14166666567325592, 0.21875, 0.23125000298023224, 0.2541666626930237, 0.16249999403953552, 0.22499999403953552, 0.22708334028720856, 0.10208333283662796, 0.1979166716337204, 0.24375000596046448, 0.23333333432674408, 0.22708334028720856, 0.1979166716337204, 0.18541666865348816, 0.22083333134651184, 0.23541666567325592, 0.1666666716337204, 0.2541666626930237, 0.21875, 0.15833333134651184, 0.1666666716337204, 0.2083333283662796, 0.17916665971279144, 0.21041665971279144]}