{"loss": [0.6947733759880066], "binary_accuracy": [0.4992065727710724], "val_loss": [0.6931546330451965], "val_binary_accuracy": [0.512851893901825]}