{"loss": [0.7832335829734802, 0.7503803968429565, 0.6914711594581604, 0.7310634851455688, 0.6817464232444763, 0.6982939839363098], "binary_accuracy": [0.5446428656578064, 0.625, 0.59375, 0.4954128563404083, 0.5848214030265808, 0.625], "val_loss": [0.7821982502937317, 0.6388773918151855, 0.6939412951469421, 0.6853750348091125, 0.7185020446777344, 0.6690134406089783], "val_binary_accuracy": [0.5625, 0.6666666865348816, 0.53125, 0.5520833134651184, 0.5416666865348816, 0.6145833134651184]}