{"loss": [0.7864380478858948, 0.700611412525177, 0.6739876866340637, 0.6215937733650208, 0.6531336903572083, 0.5970876216888428, 0.6037748456001282, 0.5991761684417725, 0.6126649379730225, 0.5965389609336853, 0.5672993063926697, 0.5854748487472534, 0.58063143491745, 0.5562363266944885, 0.589764416217804, 0.5765000581741333, 0.5674622654914856, 0.5610802173614502, 0.5426096320152283, 0.5116194486618042], "binary_accuracy": [0.5208333134651184, 0.5486111044883728, 0.6111111044883728, 0.6684027910232544, 0.6371527910232544, 0.671875, 0.6788194179534912, 0.6597222089767456, 0.6684027910232544, 0.6788194179534912, 0.7013888955116272, 0.6892361044883728, 0.6666666865348816, 0.7239583134651184, 0.6857638955116272, 0.6875, 0.6909722089767456, 0.7065972089767456, 0.7239583134651184, 0.75], "val_loss": [0.7566501498222351, 0.7025156021118164, 0.6439387798309326, 0.6757267713546753, 0.645397424697876, 0.633683443069458, 0.5958337187767029, 0.6505791544914246, 0.5888848900794983, 0.5734487175941467, 0.5763561725616455, 0.6089068651199341, 0.5705196857452393, 0.5807557702064514, 0.5911763310432434, 0.589469850063324, 0.5842568874359131, 0.562468409538269, 0.588355541229248, 0.621948778629303], "val_binary_accuracy": [0.5243055820465088, 0.5520833134651184, 0.6354166865348816, 0.5798611044883728, 0.6076388955116272, 0.6215277910232544, 0.6597222089767456, 0.5972222089767456, 0.6736111044883728, 0.7222222089767456, 0.6666666865348816, 0.6527777910232544, 0.7118055820465088, 0.6875, 0.6597222089767456, 0.6944444179534912, 0.6840277910232544, 0.7013888955116272, 0.6875, 0.65625]}