{"loss": [0.9072926044464111, 0.6263630986213684, 0.6587346792221069, 0.6266748905181885, 0.6252422332763672, 0.6203079223632812, 0.6290926933288574, 0.6143757700920105, 0.594575047492981, 0.611845850944519, 0.5976490378379822, 0.6009011268615723, 0.6178185939788818], "binary_accuracy": [0.5538194179534912, 0.6579861044883728, 0.609375, 0.6607773900032043, 0.6215277910232544, 0.6336805820465088, 0.6077738404273987, 0.5868055820465088, 0.6579861044883728, 0.6354166865348816, 0.6736111044883728, 0.6475694179534912, 0.65625], "val_loss": [0.6700884103775024, 0.6413262486457825, 0.6579505801200867, 0.6568823456764221, 0.6194009780883789, 0.649225115776062, 0.615972638130188, 0.6090770363807678, 0.608722984790802, 0.6181228160858154, 0.6253246665000916, 0.6223999857902527, 0.6167417764663696], "val_binary_accuracy": [0.6614173054695129, 0.6614173054695129, 0.6614173054695129, 0.6614173054695129, 0.6614173054695129, 0.6614173054695129, 0.6614173054695129, 0.6377952694892883, 0.6318897604942322, 0.624015748500824, 0.6299212574958801, 0.6220472455024719, 0.6397637724876404]}