{"loss": [0.7683779001235962, 0.6822217106819153, 0.6758426427841187, 0.6563740372657776, 0.6607799530029297], "binary_accuracy": [0.5729166865348816, 0.5920138955116272, 0.5746527910232544, 0.5798611044883728, 0.5885416865348816], "val_loss": [0.6949387788772583, 0.7278388738632202, 0.7099661827087402, 0.7035402655601501, 0.7834445834159851], "val_binary_accuracy": [0.5161943435668945, 0.5161943435668945, 0.5161943435668945, 0.5161943435668945, 0.5161943435668945]}