{"loss": [0.7675266861915588, 0.6931899189949036, 0.6932240724563599, 0.693490207195282, 0.6942253112792969, 0.6925560832023621, 0.688322126865387, 0.6855189800262451, 0.6879193186759949, 0.6765548586845398, 0.677775502204895, 0.6805657744407654, 0.66752028465271, 0.6725858449935913, 0.6681918501853943, 0.6565281748771667, 0.6614751219749451, 0.6505852937698364, 0.6502364277839661, 0.6473139524459839], "binary_accuracy": [0.4895833432674408, 0.518750011920929, 0.5095744729042053, 0.4802083373069763, 0.5010416507720947, 0.5322916507720947, 0.534375011920929, 0.5604166388511658, 0.5427083373069763, 0.5885416865348816, 0.5718749761581421, 0.5822916626930237, 0.590624988079071, 0.5625, 0.59375, 0.612500011920929, 0.6333333253860474, 0.628125011920929, 0.6177083253860474, 0.609375], "val_loss": [0.6928962469100952, 0.6924058198928833, 0.6923013925552368, 0.6930456161499023, 0.6927027702331543, 0.6920151114463806, 0.6873987913131714, 0.683807909488678, 0.6830270886421204, 0.6832337975502014, 0.6793662309646606, 0.6709733605384827, 0.6805166006088257, 0.6652452349662781, 0.6713608503341675, 0.6897290945053101, 0.6734294295310974, 0.6647658348083496, 0.6543415188789368, 0.6507678627967834], "val_binary_accuracy": [0.53125, 0.5245535969734192, 0.5491071343421936, 0.53125, 0.5647321343421936, 0.4866071343421936, 0.5245535969734192, 0.5580357313156128, 0.5513392686843872, 0.5558035969734192, 0.5357142686843872, 0.5870535969734192, 0.5625, 0.59375, 0.5982142686843872, 0.5625, 0.5736607313156128, 0.609375, 0.6049107313156128, 0.5982142686843872]}