{"loss": [1.1487014293670654, 0.6953650116920471, 0.656217634677887, 0.6685507893562317, 0.66466224193573, 0.6222910284996033, 0.6535435318946838, 0.6689392328262329, 0.6476721167564392, 0.6532370448112488, 0.6512694954872131, 0.648898184299469, 0.6697030663490295, 0.6414840817451477, 0.61282879114151, 0.6152001619338989, 0.6442649960517883, 0.6177441477775574, 0.7011842727661133, 0.6476055979728699], "binary_accuracy": [0.4508928656578064, 0.53125, 0.6919642686843872, 0.6428571343421936, 0.6225489974021912, 0.7008928656578064, 0.6696428656578064, 0.6205357313156128, 0.6666666865348816, 0.6294642686843872, 0.625, 0.6470588445663452, 0.5892857313156128, 0.6339285969734192, 0.6696428656578064, 0.6741071343421936, 0.6205357313156128, 0.7098214030265808, 0.5892857313156128, 0.6323529481887817], "val_loss": [0.6939252018928528, 0.6877212524414062, 0.6810252070426941, 0.6705639362335205, 0.6604785323143005, 0.6739665865898132, 0.6736612915992737, 0.685562789440155, 0.6697915196418762, 0.7077381014823914, 0.6384111046791077, 0.6687572598457336, 0.6770083904266357, 0.6692934036254883, 0.6368677616119385, 0.659191906452179, 0.6564388275146484, 0.69688481092453, 0.6852121353149414, 0.6699761748313904], "val_binary_accuracy": [0.4166666567325592, 0.6770833134651184, 0.59375, 0.6875, 0.65625, 0.6041666865348816, 0.6145833134651184, 0.5625, 0.6041666865348816, 0.5416666865348816, 0.65625, 0.6145833134651184, 0.5833333134651184, 0.6041666865348816, 0.6458333134651184, 0.6145833134651184, 0.65625, 0.59375, 0.5833333134651184, 0.5729166865348816]}