{"loss": [0.8441785573959351, 0.6669527292251587, 0.6642146706581116, 0.6499754786491394, 0.6526428461074829, 0.6480180025100708, 0.6587716341018677, 0.6384197473526001, 0.6445338129997253, 0.6264173984527588, 0.6327900886535645, 0.6383784413337708, 0.6404531598091125, 0.6278732419013977, 0.6433023810386658, 0.6256294250488281, 0.6201074123382568, 0.6205254793167114, 0.6314837336540222, 0.6111614108085632], "binary_accuracy": [0.5098214149475098, 0.6232143044471741, 0.606249988079071, 0.6008928418159485, 0.5982142686843872, 0.6105550527572632, 0.6044642925262451, 0.6260236501693726, 0.6178571581840515, 0.6482142806053162, 0.6330357193946838, 0.6303571462631226, 0.637499988079071, 0.6491071581840515, 0.6410714387893677, 0.6607142686843872, 0.6499999761581421, 0.6544643044471741, 0.6401785612106323, 0.6642857193946838], "val_loss": [0.6927509903907776, 0.6793064475059509, 0.6773118376731873, 0.6726256608963013, 0.6733958721160889, 0.6733176112174988, 0.6697854995727539, 0.6617364883422852, 0.6566839218139648, 0.6841479539871216, 0.6568373441696167, 0.6588740944862366, 0.6534257531166077, 0.6458418965339661, 0.6645268201828003, 0.6594863533973694, 0.6408892869949341, 0.6810891628265381, 0.6487215161323547, 0.6345247030258179], "val_binary_accuracy": [0.5375128388404846, 0.5786228179931641, 0.5786228179931641, 0.5878725647926331, 0.5786228179931641, 0.577595055103302, 0.5786228179931641, 0.5919835567474365, 0.5786228179931641, 0.5786228179931641, 0.586844801902771, 0.59609454870224, 0.597122311592102, 0.5981500744819641, 0.5909557938575745, 0.6002055406570435, 0.634121298789978, 0.5981500744819641, 0.59609454870224, 0.6207605600357056]}