{"loss": [0.8917530179023743, 0.6486562490463257, 0.6354944705963135, 0.6079401969909668, 0.6231667995452881, 0.6110695004463196, 0.6118336915969849, 0.62823885679245], "binary_accuracy": [0.5559210777282715, 0.6256410479545593, 0.625, 0.6447368264198303, 0.6118420958518982, 0.6414473652839661, 0.6101973652839661, 0.6167762875556946], "val_loss": [0.6849314570426941, 0.6754684448242188, 0.6754586100578308, 0.6593059301376343, 0.666570782661438, 0.6603018045425415, 0.6598798632621765, 0.6605893969535828], "val_binary_accuracy": [0.580777108669281, 0.580777108669281, 0.6053169965744019, 0.6053169965744019, 0.5971370339393616, 0.5889570713043213, 0.6175869107246399, 0.6053169965744019]}