{"loss": [1.5935590267181396, 0.6953179836273193, 0.6946172714233398, 0.6953824162483215, 0.6853521466255188, 0.6959296464920044, 0.6932852864265442, 0.6940175294876099, 0.689764142036438, 0.6936925649642944], "binary_accuracy": [0.5, 0.48750001192092896, 0.44999998807907104, 0.5, 0.612500011920929, 0.5249999761581421, 0.550000011920929, 0.46875, 0.550000011920929, 0.48124998807907104], "val_loss": [0.6927739977836609, 0.6935631036758423, 0.6925697326660156, 0.6924690008163452, 0.6904968619346619, 0.6889162063598633, 0.6917035579681396, 0.6920552849769592, 0.6926146745681763, 0.6918893456459045], "val_binary_accuracy": [0.5249999761581421, 0.4583333432674408, 0.5583333373069763, 0.5416666865348816, 0.5416666865348816, 0.5416666865348816, 0.5416666865348816, 0.574999988079071, 0.5083333253860474, 0.5333333611488342]}