{"loss": [1.166782021522522, 0.6785820126533508, 0.6675938963890076, 0.6748881340026855, 0.6517258286476135, 0.6477677226066589, 0.6962922215461731, 0.6776460409164429, 0.6614037752151489, 0.6947067379951477], "binary_accuracy": [0.3883928656578064, 0.6339285969734192, 0.6607142686843872, 0.6160714030265808, 0.6696428656578064, 0.6651785969734192, 0.5758928656578064, 0.6339285969734192, 0.6517857313156128, 0.5763546824455261], "val_loss": [0.6873045563697815, 0.6667823791503906, 0.6762747168540955, 0.6650047302246094, 0.6494343280792236, 0.645540177822113, 0.6776864528656006, 0.6751666069030762, 0.6531471610069275, 0.6530526280403137], "val_binary_accuracy": [0.6813187003135681, 0.6813187003135681, 0.6813187003135681, 0.6813187003135681, 0.6813187003135681, 0.6813187003135681, 0.6813187003135681, 0.6813187003135681, 0.6813187003135681, 0.6813187003135681]}