{"loss": [0.8537577390670776, 0.6940048933029175, 0.69318687915802, 0.6933686137199402, 0.6924507021903992], "binary_accuracy": [0.5083333253860474, 0.4947916567325592, 0.46145832538604736, 0.5072916746139526, 0.53125], "val_loss": [0.6927631497383118, 0.6931561231613159, 0.6931658983230591, 0.6932637095451355, 0.6938989758491516], "val_binary_accuracy": [0.5212264060974121, 0.48938679695129395, 0.5200471878051758, 0.4775943458080292, 0.4787735939025879]}