{"loss": [0.8751062750816345, 0.6720529198646545, 0.6550875306129456, 0.676751434803009, 0.6480816602706909, 0.6726478934288025, 0.6765443682670593, 0.6641630530357361, 0.6621309518814087], "binary_accuracy": [0.46875, 0.6428571343421936, 0.6830357313156128, 0.6071428656578064, 0.6734693646430969, 0.6473214030265808, 0.5918367505073547, 0.6160714030265808, 0.625], "val_loss": [0.6917945146560669, 0.6526126861572266, 0.6626468896865845, 0.668311357498169, 0.6427541971206665, 0.6589754819869995, 0.6650654673576355, 0.6474870443344116, 0.6506340503692627], "val_binary_accuracy": [0.6666666865348816, 0.6666666865348816, 0.6666666865348816, 0.6666666865348816, 0.6666666865348816, 0.6666666865348816, 0.6666666865348816, 0.6666666865348816, 0.6666666865348816]}