{"loss": [0.8090492486953735, 0.6787448525428772, 0.6746919751167297, 0.6572562456130981, 0.6689244508743286, 0.6513692736625671, 0.6473823189735413, 0.6516380310058594, 0.6541381478309631, 0.6791613698005676, 0.6445977091789246, 0.6765346527099609, 0.6414861679077148, 0.6582190990447998, 0.635607123374939, 0.6426903009414673, 0.6279330849647522, 0.641581654548645, 0.6613532900810242, 0.6266438364982605], "binary_accuracy": [0.5711805820465088, 0.5978647470474243, 0.5815972089767456, 0.578125, 0.5850694179534912, 0.5925266742706299, 0.628113865852356, 0.5902777910232544, 0.6076388955116272, 0.5659722089767456, 0.6128472089767456, 0.5972222089767456, 0.59375, 0.59375, 0.6232638955116272, 0.625, 0.640625, 0.6245551705360413, 0.59375, 0.6319444179534912], "val_loss": [0.6826586723327637, 0.651241660118103, 0.6592123508453369, 0.6424698233604431, 0.6618260145187378, 0.6413186192512512, 0.6597110033035278, 0.6539929509162903, 0.6482847332954407, 0.6451305747032166, 0.6423114538192749, 0.6623018383979797, 0.6558810472488403, 0.6463010311126709, 0.6323347091674805, 0.6417025923728943, 0.6541476249694824, 0.6383410096168518, 0.6422206163406372, 0.673335075378418], "val_binary_accuracy": [0.60546875, 0.63671875, 0.61328125, 0.640625, 0.61328125, 0.62890625, 0.59375, 0.58984375, 0.609375, 0.6328125, 0.6015625, 0.58984375, 0.61328125, 0.62890625, 0.6484375, 0.640625, 0.62109375, 0.65234375, 0.625, 0.58203125]}