{"loss": [0.7230812907218933, 0.6727250814437866, 0.6718046069145203, 0.6644375324249268, 0.6450231075286865, 0.6489201784133911, 0.6584690809249878, 0.6394497156143188, 0.6351102590560913, 0.650022029876709, 0.6310810446739197, 0.6227850914001465, 0.6115111112594604, 0.6363418102264404, 0.65178382396698, 0.638170599937439, 0.6197064518928528, 0.6320568323135376, 0.6216287612915039, 0.6125137209892273], "binary_accuracy": [0.5732142925262451, 0.5955356955528259, 0.581250011920929, 0.5874999761581421, 0.6142857074737549, 0.6098214387893677, 0.625, 0.6321428418159485, 0.6410714387893677, 0.6303571462631226, 0.6366071701049805, 0.6482142806053162, 0.6455357074737549, 0.6535714268684387, 0.6044642925262451, 0.6312500238418579, 0.6642857193946838, 0.6401785612106323, 0.6526785492897034, 0.6383928656578064], "val_loss": [0.6813167929649353, 0.6651605367660522, 0.6686525940895081, 0.6593397855758667, 0.6571201086044312, 0.6522772908210754, 0.6551913619041443, 0.6501898765563965, 0.6576165556907654, 0.6471794843673706, 0.6503371000289917, 0.6416502594947815, 0.6178087592124939, 0.6233495473861694, 0.6617035865783691, 0.6392738223075867, 0.6176784038543701, 0.7336158156394958, 0.6051448583602905, 0.6371517777442932], "val_binary_accuracy": [0.5679513216018677, 0.5679513216018677, 0.5750507116317749, 0.5902636647224426, 0.5821501016616821, 0.568965494632721, 0.5862069129943848, 0.6156186461448669, 0.5851926803588867, 0.5973630547523499, 0.587221086025238, 0.6298174262046814, 0.6612576246261597, 0.6612576246261597, 0.5669371485710144, 0.5953347086906433, 0.6460446119308472, 0.568965494632721, 0.68052738904953, 0.5831642746925354]}