{"loss": [0.8804890513420105, 0.5855645537376404, 0.5979265570640564, 0.5836136341094971, 0.5923737287521362, 0.5892258286476135, 0.5866490006446838, 0.5900885462760925, 0.5646841526031494], "binary_accuracy": [0.6666666865348816, 0.75, 0.7281249761581421, 0.7291666865348816, 0.7171875238418579, 0.737500011920929, 0.7203124761581421, 0.7195512652397156, 0.7403846383094788], "val_loss": [0.6480525732040405, 0.5703109502792358, 0.5628125071525574, 0.6031222343444824, 0.5583963990211487, 0.5837752819061279, 0.6030890345573425, 0.5704915523529053, 0.5819343328475952], "val_binary_accuracy": [0.7601410746574402, 0.7601410746574402, 0.7601410746574402, 0.7601410746574402, 0.7601410746574402, 0.7601410746574402, 0.7601410746574402, 0.7601410746574402, 0.7601410746574402]}