{"loss": [0.7631616592407227, 0.6930161714553833, 0.6933295726776123, 0.693207323551178, 0.6903044581413269, 0.6915071606636047, 0.6942226886749268, 0.6902222037315369, 0.6900449991226196, 0.6869173645973206, 0.6856252551078796, 0.6869779825210571, 0.6775964498519897, 0.6867468953132629, 0.6820598244667053], "binary_accuracy": [0.5010416507720947, 0.5052083134651184, 0.48229166865348816, 0.5177083611488342, 0.5395833253860474, 0.5520833134651184, 0.5197916626930237, 0.5385416746139526, 0.5479166507720947, 0.5531250238418579, 0.5677083134651184, 0.5770833492279053, 0.5822916626930237, 0.5541666746139526, 0.5614583492279053], "val_loss": [0.6926608085632324, 0.6920020580291748, 0.6924569010734558, 0.6925314664840698, 0.6883310675621033, 0.6889756917953491, 0.6924383640289307, 0.684893012046814, 0.690189003944397, 0.7012478709220886, 0.6777042150497437, 0.6838850975036621, 0.6895328760147095, 0.6836692690849304, 0.6888649463653564], "val_binary_accuracy": [0.5570071339607239, 0.5570071339607239, 0.5581947565078735, 0.5047506093978882, 0.5201900005340576, 0.5486935973167419, 0.5011876225471497, 0.5641329884529114, 0.5154394507408142, 0.4952494204044342, 0.5463182926177979, 0.5344418287277222, 0.5095011591911316, 0.5475059151649475, 0.5261282920837402]}