{"loss": [0.9146212339401245, 0.6839752793312073, 0.6739282608032227, 0.688579797744751, 0.6600527167320251, 0.6732856631278992, 0.6454932689666748, 0.6589204668998718, 0.652275025844574, 0.6457647085189819], "binary_accuracy": [0.5138888955116272, 0.5868055820465088, 0.6128472089767456, 0.5850694179534912, 0.5989583134651184, 0.5694444179534912, 0.6054053902626038, 0.6059027910232544, 0.5902777910232544, 0.6145833134651184], "val_loss": [0.6903096437454224, 0.6877323985099792, 0.6913933753967285, 0.6847087144851685, 0.6918365955352783, 0.6806195974349976, 0.713198184967041, 0.6920261979103088, 0.693626344203949, 0.705734372138977], "val_binary_accuracy": [0.5529661178588867, 0.5529661178588867, 0.5529661178588867, 0.5529661178588867, 0.5529661178588867, 0.5529661178588867, 0.5529661178588867, 0.5529661178588867, 0.5529661178588867, 0.5529661178588867]}