{"loss": [0.7517732381820679, 0.675421416759491, 0.6817600727081299, 0.6541836261749268, 0.6438689827919006, 0.6646522283554077, 0.6480371952056885, 0.644243597984314], "binary_accuracy": [0.5874999761581421, 0.5705357193946838, 0.5678571462631226, 0.6044642925262451, 0.5991071462631226, 0.6026785969734192, 0.6071428656578064, 0.6232143044471741], "val_loss": [0.6666629910469055, 0.6607271432876587, 0.6670560836791992, 0.6549586653709412, 0.6561524271965027, 0.6561194062232971, 0.6554461717605591, 0.6596570611000061], "val_binary_accuracy": [0.6054216623306274, 0.6054216623306274, 0.6054216623306274, 0.6054216623306274, 0.6054216623306274, 0.6104417443275452, 0.6114457845687866, 0.6134538054466248]}