{"loss": [0.805245578289032, 0.5816980600357056, 0.5922484993934631, 0.593916118144989, 0.5738556385040283, 0.5847171545028687, 0.5465458631515503, 0.570759654045105, 0.6178022027015686, 0.5839851498603821, 0.5751864314079285, 0.5702301263809204, 0.5598306059837341, 0.556327223777771, 0.5446893572807312, 0.526104211807251], "binary_accuracy": [0.7015625238418579, 0.729687511920929, 0.7149837017059326, 0.714062511920929, 0.7406250238418579, 0.737500011920929, 0.753125011920929, 0.7171875238418579, 0.6890624761581421, 0.7198697328567505, 0.7203124761581421, 0.721875011920929, 0.746874988079071, 0.7406250238418579, 0.732899010181427, 0.737500011920929], "val_loss": [0.6491609811782837, 0.6308615207672119, 0.6298897862434387, 0.6459775567054749, 0.6025879383087158, 0.5579723715782166, 0.5825287103652954, 0.6347599625587463, 0.6118097305297852, 0.5909953713417053, 0.5855209827423096, 0.5779210329055786, 0.5863135457038879, 0.5814804434776306, 0.5872280597686768, 0.5945155620574951], "val_binary_accuracy": [0.6979166865348816, 0.7083333134651184, 0.7326388955116272, 0.71875, 0.7013888955116272, 0.7361111044883728, 0.7222222089767456, 0.6701388955116272, 0.7118055820465088, 0.6944444179534912, 0.7048611044883728, 0.7256944179534912, 0.7291666865348816, 0.7118055820465088, 0.7013888955116272, 0.7048611044883728]}