{"loss": [0.7999615669250488, 0.6841742992401123, 0.6744821667671204, 0.6612303256988525, 0.6621613502502441, 0.6540926098823547, 0.6706817150115967, 0.6601840853691101, 0.6530270576477051], "binary_accuracy": [0.5451388955116272, 0.59375, 0.5885416865348816, 0.6024305820465088, 0.6024305820465088, 0.59375, 0.5677083134651184, 0.5798611044883728, 0.5868055820465088], "val_loss": [0.6817256212234497, 0.6714954376220703, 0.6648841500282288, 0.6507346034049988, 0.64426589012146, 0.6449765563011169, 0.6501581072807312, 0.6505870819091797, 0.6492930054664612], "val_binary_accuracy": [0.6275720000267029, 0.6275720000267029, 0.6275720000267029, 0.6275720000267029, 0.6275720000267029, 0.6275720000267029, 0.6275720000267029, 0.6172839403152466, 0.6275720000267029]}