{"loss": [0.9144469499588013, 0.6709991693496704, 0.655501663684845, 0.6454914808273315, 0.6455180644989014, 0.6032077074050903, 0.6301228404045105, 0.6081695556640625, 0.5997379422187805, 0.6282505393028259, 0.5964553952217102, 0.59831702709198, 0.6120952367782593, 0.5833103060722351, 0.608561098575592, 0.6169784665107727, 0.595026969909668, 0.5931628942489624, 0.5703696012496948, 0.5913856625556946], "binary_accuracy": [0.5434027910232544, 0.6006944179534912, 0.6215277910232544, 0.6302083134651184, 0.6232638955116272, 0.6267361044883728, 0.609375, 0.5964601635932922, 0.6805555820465088, 0.6458333134651184, 0.640625, 0.6388888955116272, 0.6510416865348816, 0.6666666865348816, 0.6666666865348816, 0.6475694179534912, 0.6545138955116272, 0.6805555820465088, 0.6736111044883728, 0.6701388955116272], "val_loss": [0.6847676634788513, 0.6767958998680115, 0.6788853406906128, 0.6597422361373901, 0.6631104946136475, 0.6760571002960205, 0.639230489730835, 0.648531436920166, 0.6412285566329956, 0.6452001929283142, 0.623107373714447, 0.6415162086486816, 0.6427713632583618, 0.6348690986633301, 0.6210088133811951, 0.6305516958236694, 0.6447542309761047, 0.6075869202613831, 0.6085242033004761, 0.636983335018158], "val_binary_accuracy": [0.5703125, 0.5859375, 0.56640625, 0.60546875, 0.5859375, 0.57421875, 0.59765625, 0.58203125, 0.62109375, 0.61328125, 0.64453125, 0.6015625, 0.63671875, 0.62109375, 0.62890625, 0.62109375, 0.6015625, 0.64453125, 0.6328125, 0.6171875]}