{"loss": [0.7351903319358826, 0.5606881380081177, 0.606574296951294, 0.5692548751831055, 0.5731040239334106, 0.5617729425430298, 0.5792444348335266, 0.5850402116775513, 0.591935932636261, 0.570271909236908], "binary_accuracy": [0.690625011920929, 0.753125011920929, 0.707812488079071, 0.734375, 0.75, 0.75, 0.7281249761581421, 0.729687511920929, 0.7093750238418579, 0.7313916087150574], "val_loss": [0.6348459720611572, 0.6247863173484802, 0.6295899748802185, 0.6202206611633301, 0.6261646747589111, 0.6153011322021484, 0.6261470913887024, 0.6158833503723145, 0.6251341700553894, 0.620672881603241], "val_binary_accuracy": [0.6894639730453491, 0.6894639730453491, 0.6894639730453491, 0.6894639730453491, 0.6894639730453491, 0.6894639730453491, 0.6894639730453491, 0.6894639730453491, 0.6894639730453491, 0.6894639730453491]}