{"loss": [0.7402675151824951, 0.660351037979126, 0.6591183543205261, 0.6550200581550598, 0.6396297812461853, 0.6492447853088379, 0.6421706080436707, 0.623296320438385, 0.6290432214736938, 0.6275830864906311, 0.6082303524017334, 0.6074168682098389, 0.5841965079307556, 0.5856947898864746, 0.6032288074493408, 0.5946124196052551, 0.5968725085258484, 0.5751055479049683, 0.5531942844390869, 0.5832218527793884], "binary_accuracy": [0.6080357432365417, 0.5857142806053162, 0.6133928298950195, 0.5910714268684387, 0.6294602155685425, 0.6258928775787354, 0.6508928537368774, 0.6598214507102966, 0.6410714387893677, 0.6491071581840515, 0.6776785850524902, 0.6852698922157288, 0.6928571462631226, 0.6779506206512451, 0.6830357313156128, 0.6678571701049805, 0.6794642806053162, 0.6785714030265808, 0.7133928537368774, 0.6919642686843872], "val_loss": [0.6706917881965637, 0.6631208062171936, 0.6539105176925659, 0.6535052061080933, 0.6923025250434875, 0.6849792003631592, 0.6527488827705383, 0.6399449706077576, 0.6410114765167236, 0.6223475337028503, 0.6360018849372864, 0.6251465678215027, 0.700573205947876, 0.61580491065979, 0.6362795233726501, 0.640355110168457, 0.6381627321243286, 0.6147310733795166, 0.6270028948783875, 0.598868727684021], "val_binary_accuracy": [0.5916666388511658, 0.5874999761581421, 0.6104166507720947, 0.6166666746139526, 0.5833333134651184, 0.5874999761581421, 0.6416666507720947, 0.6416666507720947, 0.637499988079071, 0.6625000238418579, 0.6312500238418579, 0.6479166746139526, 0.6020833253860474, 0.6520833373069763, 0.606249988079071, 0.6395833492279053, 0.6666666865348816, 0.6458333134651184, 0.6708333492279053, 0.6499999761581421]}