{"loss": [0.8908399939537048, 0.6949169635772705, 0.6933267712593079, 0.6932007670402527, 0.6930692791938782, 0.6934225559234619, 0.6933940649032593, 0.6927305459976196, 0.6922847628593445], "binary_accuracy": [0.5104166865348816, 0.5270833373069763, 0.5010416507720947, 0.4906249940395355, 0.5052083134651184, 0.5052083134651184, 0.5041666626930237, 0.5135416388511658, 0.5175345540046692], "val_loss": [0.6932582259178162, 0.6932565569877625, 0.6932094693183899, 0.693169355392456, 0.6931633353233337, 0.6936373710632324, 0.6932979226112366, 0.6940863132476807, 0.6979803442955017], "val_binary_accuracy": [0.5200945734977722, 0.46335697174072266, 0.4799054265022278, 0.478723406791687, 0.4799054265022278, 0.4799054265022278, 0.4799054265022278, 0.4799054265022278, 0.45981088280677795]}