{"loss": [0.7179484963417053, 0.6448363661766052, 0.6225003004074097, 0.6125600337982178, 0.6052843332290649, 0.6414608359336853, 0.6198205947875977, 0.6533951759338379, 0.6219040751457214, 0.5972762107849121], "binary_accuracy": [0.6041666865348816, 0.5989583134651184, 0.6215277910232544, 0.6215277910232544, 0.6597222089767456, 0.6180555820465088, 0.6423611044883728, 0.5972222089767456, 0.6284722089767456, 0.6371527910232544], "val_loss": [0.6456279158592224, 0.6126600503921509, 0.6223083734512329, 0.6033170819282532, 0.6146340370178223, 0.6004040837287903, 0.6234888434410095, 0.6109253168106079, 0.6014447808265686, 0.6019649505615234], "val_binary_accuracy": [0.6331360936164856, 0.6331360936164856, 0.625246524810791, 0.6942800879478455, 0.64891517162323, 0.7001972198486328, 0.6666666865348816, 0.6370808482170105, 0.6745561957359314, 0.6745561957359314]}