{"loss": [0.9872047305107117, 0.6937909722328186, 0.6842557191848755, 0.6973823308944702, 0.6925884485244751, 0.6919806599617004, 0.6897534132003784, 0.6912542581558228, 0.6893528699874878, 0.6766843199729919, 0.6848859786987305, 0.6953190565109253, 0.675026535987854, 0.667465329170227, 0.6994403600692749, 0.6747238039970398, 0.70600426197052, 0.6871575117111206, 0.681599497795105], "binary_accuracy": [0.4749999940395355, 0.4932432472705841, 0.5687500238418579, 0.5375000238418579, 0.512499988079071, 0.6000000238418579, 0.543749988079071, 0.5625, 0.550000011920929, 0.574999988079071, 0.53125, 0.53125, 0.5874999761581421, 0.574999988079071, 0.543749988079071, 0.6187499761581421, 0.512499988079071, 0.59375, 0.5249999761581421], "val_loss": [0.6932772397994995, 0.6933954954147339, 0.6936185359954834, 0.6929271221160889, 0.6927001476287842, 0.6925055384635925, 0.692232608795166, 0.6918144226074219, 0.6919722557067871, 0.6918726563453674, 0.6913303732872009, 0.6896141767501831, 0.6904526948928833, 0.693551242351532, 0.6845549941062927, 0.687221109867096, 0.6873050928115845, 0.6894228458404541, 0.6872137188911438], "val_binary_accuracy": [0.5151515007019043, 0.5151515007019043, 0.5151515007019043, 0.5151515007019043, 0.5227272510528564, 0.5151515007019043, 0.5075757503509521, 0.5151515007019043, 0.5151515007019043, 0.5151515007019043, 0.5151515007019043, 0.5151515007019043, 0.5151515007019043, 0.5151515007019043, 0.5378788113594055, 0.5151515007019043, 0.5151515007019043, 0.5151515007019043, 0.5757575631141663]}