{"loss": [0.7520753145217896, 0.6001942753791809, 0.586494505405426, 0.5907160043716431, 0.5924805402755737, 0.5988407731056213, 0.5713173747062683, 0.6155129671096802, 0.5519105792045593, 0.6060299277305603, 0.6121598482131958, 0.581682562828064, 0.5661280751228333], "binary_accuracy": [0.645312488079071, 0.731249988079071, 0.7328125238418579, 0.721875011920929, 0.7281249761581421, 0.7124999761581421, 0.731249988079071, 0.715624988079071, 0.7575277090072632, 0.7109375, 0.6968749761581421, 0.7328125238418579, 0.7437499761581421], "val_loss": [0.6155583262443542, 0.623151421546936, 0.6208754777908325, 0.5883095860481262, 0.5702085494995117, 0.5696655511856079, 0.5663213729858398, 0.6066755652427673, 0.5644192099571228, 0.605340301990509, 0.5799071788787842, 0.5793346762657166, 0.5670924782752991], "val_binary_accuracy": [0.7482143044471741, 0.7482143044471741, 0.7482143044471741, 0.7482143044471741, 0.7482143044471741, 0.7482143044471741, 0.7482143044471741, 0.7482143044471741, 0.7482143044471741, 0.7482143044471741, 0.7482143044471741, 0.7482143044471741, 0.7482143044471741]}