{"loss": [1.3568557500839233, 0.7306492924690247, 0.6933811902999878, 0.6900508999824524, 0.6952728629112244, 0.6913005113601685, 0.6860121488571167, 0.6964702010154724, 0.6894448399543762, 0.6914457082748413, 0.6892998814582825, 0.6923749446868896, 0.6864827871322632, 0.675876259803772, 0.661271333694458, 0.6948768496513367, 0.6862808465957642, 0.6840211153030396, 0.6745192408561707, 0.6820002794265747], "binary_accuracy": [0.543749988079071, 0.48124998807907104, 0.46875, 0.5625, 0.48407644033432007, 0.512499988079071, 0.543749988079071, 0.5159235596656799, 0.5562499761581421, 0.5, 0.581250011920929, 0.522292971611023, 0.550000011920929, 0.606249988079071, 0.6000000238418579, 0.5732483863830566, 0.581250011920929, 0.5874999761581421, 0.637499988079071, 0.6187499761581421], "val_loss": [0.6961858868598938, 0.6923344135284424, 0.6923359036445618, 0.6864637136459351, 0.6903066039085388, 0.6905044913291931, 0.6876466274261475, 0.6901856064796448, 0.6915238499641418, 0.6968955993652344, 0.6873418688774109, 0.6881392598152161, 0.687760591506958, 0.683403730392456, 0.6633289456367493, 0.6773056983947754, 0.6814025640487671, 0.6812482476234436, 0.6891893148422241, 0.6785393953323364], "val_binary_accuracy": [0.4375, 0.5625, 0.578125, 0.671875, 0.578125, 0.625, 0.59375, 0.53125, 0.46875, 0.4375, 0.609375, 0.59375, 0.5625, 0.578125, 0.65625, 0.59375, 0.609375, 0.59375, 0.5, 0.578125]}