{"loss": [1.292840838432312, 0.6955937147140503, 0.6898125410079956, 0.6860885620117188, 0.6798095703125, 0.6839138269424438, 0.6948979496955872, 0.6915038824081421, 0.6926669478416443, 0.693255603313446], "binary_accuracy": [0.4749999940395355, 0.48750001192092896, 0.550000011920929, 0.5562499761581421, 0.625, 0.543749988079071, 0.512499988079071, 0.48750001192092896, 0.5133333206176758, 0.5], "val_loss": [0.6931143999099731, 0.6929605007171631, 0.6926750540733337, 0.6926424503326416, 0.6944440007209778, 0.6916500926017761, 0.6917092204093933, 0.6919822096824646, 0.6921744346618652, 0.6923651695251465], "val_binary_accuracy": [0.4692307710647583, 0.5307692289352417, 0.5307692289352417, 0.5307692289352417, 0.5307692289352417, 0.5307692289352417, 0.5307692289352417, 0.5769230723381042, 0.5692307949066162, 0.5615384578704834]}