{"loss": [1.285343050956726, 0.6791428327560425, 0.6842003464698792, 0.6715210676193237, 0.6653199195861816, 0.6446482539176941, 0.6759577989578247, 0.657984733581543, 0.6535836458206177, 0.6487360596656799, 0.6577298045158386, 0.6389201283454895, 0.6582475900650024, 0.6445891261100769, 0.6377171277999878, 0.6283454895019531], "binary_accuracy": [0.5357142686843872, 0.6339285969734192, 0.6150000095367432, 0.6160714030265808, 0.6100000143051147, 0.6741071343421936, 0.6071428656578064, 0.65625, 0.6651785969734192, 0.65625, 0.6205357313156128, 0.6919642686843872, 0.6339285969734192, 0.6294642686843872, 0.6517857313156128, 0.6785714030265808], "val_loss": [0.6910423636436462, 0.6730220317840576, 0.674972653388977, 0.6668347120285034, 0.6585376858711243, 0.6560451984405518, 0.6593921780586243, 0.6592618227005005, 0.653796911239624, 0.6524381637573242, 0.6563465595245361, 0.646489143371582, 0.6482427716255188, 0.6475552320480347, 0.6529916524887085, 0.6915555596351624], "val_binary_accuracy": [0.6432432532310486, 0.6432432532310486, 0.6432432532310486, 0.6432432532310486, 0.6432432532310486, 0.6432432532310486, 0.6432432532310486, 0.6432432532310486, 0.6432432532310486, 0.6432432532310486, 0.6432432532310486, 0.6432432532310486, 0.6432432532310486, 0.6432432532310486, 0.6432432532310486, 0.6432432532310486]}