{"loss": [0.7943903803825378, 0.6366689801216125, 0.6213324666023254, 0.6353813409805298, 0.5940507650375366, 0.5954515933990479, 0.6072490215301514, 0.6237510442733765, 0.5936485528945923, 0.6034132242202759, 0.605604887008667, 0.6027297377586365, 0.5855587720870972, 0.6005390882492065, 0.5749906301498413, 0.6083409190177917, 0.5800890922546387, 0.5837494134902954, 0.586652934551239, 0.6017327904701233], "binary_accuracy": [0.5643564462661743, 0.6273627281188965, 0.6291629076004028, 0.5949594974517822, 0.6723214387893677, 0.6633663177490234, 0.6482142806053162, 0.6410714387893677, 0.6428571343421936, 0.6544643044471741, 0.6535714268684387, 0.6544643044471741, 0.6705357432365417, 0.6372637152671814, 0.6499999761581421, 0.6419642567634583, 0.6785714030265808, 0.6821428537368774, 0.6786678433418274, 0.6482142806053162], "val_loss": [0.6717966198921204], "val_binary_accuracy": [0.6331360936164856]}