{"loss": [0.594787061214447, 0.5890249013900757, 0.5834121704101562, 0.5777965188026428, 0.5814039707183838, 0.5788771510124207, 0.5768712162971497, 0.5816604495048523, 0.5756766200065613], "binary_accuracy": [0.7333734035491943, 0.7331730723381042, 0.734375, 0.7347756624221802, 0.7347756624221802, 0.7347756624221802, 0.7347756624221802, 0.7349759340286255, 0.7347756624221802], "val_loss": [0.6019359230995178, 0.6067004203796387, 0.6146911382675171, 0.6331022381782532, 0.6053499579429626, 0.6099808216094971, 0.6188645958900452, 0.6115536689758301, 0.6510303020477295], "val_binary_accuracy": [0.709618866443634, 0.709618866443634, 0.709618866443634, 0.709618866443634, 0.709618866443634, 0.709618866443634, 0.709618866443634, 0.709618866443634, 0.709618866443634]}