{"loss": [0.6448380947113037, 0.5654610991477966, 0.5718064308166504, 0.5557190775871277, 0.5700036883354187, 0.5600993633270264, 0.5599250197410583, 0.5581538677215576, 0.5738920569419861, 0.57867431640625, 0.5890893340110779, 0.5949810147285461, 0.5522461533546448, 0.556505560874939, 0.5545017123222351, 0.5418462753295898, 0.5729387998580933, 0.5693550109863281, 0.5732834339141846, 0.5562218427658081], "binary_accuracy": [0.7008928656578064, 0.762499988079071, 0.7401785850524902, 0.7553571462631226, 0.7386156916618347, 0.7473214268684387, 0.7419642806053162, 0.7392857074737549, 0.7295082211494446, 0.737500011920929, 0.7196428775787354, 0.7167577147483826, 0.75, 0.7322404384613037, 0.7419642806053162, 0.7544642686843872, 0.7321428656578064, 0.7267759442329407, 0.7321428656578064, 0.7473214268684387], "val_loss": [0.6607199311256409], "val_binary_accuracy": [0.6894639730453491]}