{"loss": [0.7279698252677917, 0.6741626858711243, 0.6535786986351013, 0.6413947343826294, 0.6665615439414978, 0.6568160057067871, 0.6563096642494202, 0.6450638175010681, 0.6514266133308411, 0.6549593210220337, 0.6484678387641907, 0.65171879529953, 0.64743971824646, 0.6452286839485168, 0.6525041460990906, 0.6572921276092529, 0.6602365970611572, 0.6393006443977356, 0.6468850374221802, 0.6320963501930237], "binary_accuracy": [0.5571428537368774, 0.5955356955528259, 0.5896269083023071, 0.6089285612106323, 0.5991071462631226, 0.5830357074737549, 0.6044642925262451, 0.6312500238418579, 0.5928571224212646, 0.6116071343421936, 0.6080357432365417, 0.6098214387893677, 0.6178571581840515, 0.615104615688324, 0.6114649772644043, 0.5955356955528259, 0.6060054302215576, 0.6169642806053162, 0.6178571581840515, 0.6303571462631226], "val_loss": [0.6903602480888367], "val_binary_accuracy": [0.5529661178588867]}