{"loss": [0.7463223338127136, 0.6600431799888611, 0.6448495984077454, 0.6536257863044739, 0.6610265374183655, 0.6473475694656372, 0.6565636992454529, 0.6301051378250122, 0.6320838928222656, 0.640863835811615, 0.629073441028595, 0.6265046000480652, 0.6347612738609314, 0.6307131052017212, 0.6195552945137024, 0.6346361041069031, 0.6343333125114441, 0.6424907445907593, 0.6164067387580872, 0.6141926050186157], "binary_accuracy": [0.5660714507102966, 0.6178571581840515, 0.6080357432365417, 0.6008928418159485, 0.6008928418159485, 0.6116071343421936, 0.6312500238418579, 0.6223214268684387, 0.6419642567634583, 0.6267856955528259, 0.6312500238418579, 0.6410714387893677, 0.6553571224212646, 0.6383928656578064, 0.6392857432365417, 0.6517857313156128, 0.6392857432365417, 0.6196428537368774, 0.6473214030265808, 0.6580356955528259], "val_loss": [0.6842683553695679, 0.6715494394302368, 0.6935024857521057, 0.6714690327644348, 0.6674290299415588, 0.6630646586418152, 0.6619236469268799, 0.6598577499389648, 0.6798040270805359, 0.6620469093322754, 0.6617267727851868, 0.6541631817817688, 0.6558441519737244, 0.6472382545471191, 0.6485040783882141, 0.6464676260948181, 0.6453400254249573, 0.6468998789787292, 0.6416492462158203, 0.6497846245765686], "val_binary_accuracy": [0.5786228179931641, 0.5786228179931641, 0.5786228179931641, 0.5786228179931641, 0.5786228179931641, 0.5786228179931641, 0.5786228179931641, 0.5827338099479675, 0.5765672922134399, 0.5786228179931641, 0.5786228179931641, 0.5940390825271606, 0.5786228179931641, 0.614594042301178, 0.606372058391571, 0.6207605600357056, 0.5919835567474365, 0.6207605600357056, 0.6217882633209229, 0.6094552874565125]}