{"loss": [0.6995166540145874, 0.6823862791061401, 0.6729488968849182, 0.6659154295921326, 0.6746372580528259, 0.6541184186935425, 0.6490980386734009, 0.6475782990455627, 0.6440235376358032, 0.6467991471290588, 0.6515123844146729, 0.639288067817688, 0.6376972794532776, 0.6393080353736877, 0.6386121511459351, 0.6413359045982361, 0.6298240423202515, 0.6296708583831787], "binary_accuracy": [0.567307710647583, 0.5919471383094788, 0.5734139084815979, 0.5901442170143127, 0.5722054243087769, 0.6075721383094788, 0.6153846383094788, 0.6003605723381042, 0.6027644276618958, 0.6084592342376709, 0.590745210647583, 0.6147836446762085, 0.6009615659713745, 0.6205437779426575, 0.614182710647583, 0.6187311410903931, 0.6177884340286255, 0.6187311410903931], "val_loss": [0.6831221580505371, 0.6661005616188049, 0.6841179728507996, 0.6603046655654907, 0.6779271960258484, 0.6524226069450378, 0.6653565764427185, 0.6564638018608093, 0.6634007096290588, 0.6492812633514404, 0.678192138671875, 0.6698863506317139, 0.6836164593696594, 0.6684102416038513, 0.6634408831596375, 0.6532814502716064, 0.6688318848609924, 0.658983051776886], "val_binary_accuracy": [0.6041666865348816, 0.6197916865348816, 0.6041666865348816, 0.6302083134651184, 0.6302083134651184, 0.6458333134651184, 0.6197916865348816, 0.6302083134651184, 0.65625, 0.59375, 0.5729166865348816, 0.609375, 0.6041666865348816, 0.59375, 0.5833333134651184, 0.609375, 0.59375, 0.6458333134651184]}