{"loss": [0.8515009880065918, 0.6941045522689819, 0.6929782032966614, 0.6931124925613403, 0.6932711601257324], "binary_accuracy": [0.5093749761581421, 0.4828124940395355, 0.520312488079071, 0.5, 0.4943457245826721], "val_loss": [0.692486047744751, 0.6932307481765747, 0.6932772994041443, 0.6932868361473083, 0.6931726336479187], "val_binary_accuracy": [0.5225694179534912, 0.4652777910232544, 0.4618055522441864, 0.4739583432674408, 0.5017361044883728]}