{"loss": [0.7566525340080261, 0.689690887928009, 0.6909741759300232, 0.6890084743499756, 0.6899493932723999, 0.6826058626174927, 0.6704021692276001, 0.6685960292816162, 0.6619453430175781, 0.6647225618362427, 0.659260630607605, 0.6624372601509094, 0.6575459241867065, 0.6495658755302429, 0.6588263511657715, 0.6268555521965027, 0.6580893397331238, 0.65300452709198, 0.6353831887245178, 0.6299402117729187], "binary_accuracy": [0.5140625238418579, 0.5375000238418579, 0.546875, 0.5531250238418579, 0.557812511920929, 0.5874999761581421, 0.6015625, 0.604687511920929, 0.6187499761581421, 0.620312511920929, 0.620312511920929, 0.59375, 0.609375, 0.621874988079071, 0.609375, 0.6484375, 0.621874988079071, 0.6015625, 0.6468750238418579, 0.6546875238418579], "val_loss": [0.6933737397193909], "val_binary_accuracy": [0.4416666626930237]}