{"loss": [0.7342573404312134, 0.7221136093139648, 0.7120139598846436, 0.7143704295158386, 0.6942746639251709, 0.7043256163597107, 0.7028297781944275, 0.6982545852661133, 0.691596508026123, 0.6919066905975342, 0.6952741146087646, 0.6925182342529297, 0.6888840198516846, 0.7006922364234924, 0.7019841074943542, 0.6926314830780029, 0.6970148682594299], "binary_accuracy": [0.4837740361690521, 0.5012019276618958, 0.5048251152038574, 0.5024038553237915, 0.512665867805481, 0.5018028616905212, 0.518629789352417, 0.5072115659713745, 0.5114595890045166, 0.5384615659713745, 0.5, 0.5234375, 0.5318509340286255, 0.510817289352417, 0.5, 0.5090144276618958, 0.5343787670135498], "val_loss": [0.6890606880187988, 0.6923630833625793, 0.7007411122322083, 0.6994385123252869, 0.6918301582336426, 0.7499848008155823, 0.7320638298988342, 0.6989151835441589, 0.6852310299873352, 0.6859884262084961, 0.7002924084663391, 0.7136556506156921, 0.7089174389839172, 0.6921253204345703, 0.6864209175109863, 0.6871898770332336, 0.7543359398841858], "val_binary_accuracy": [0.5416666865348816, 0.5260416865348816, 0.5, 0.5052083134651184, 0.4791666567325592, 0.453125, 0.453125, 0.4947916567325592, 0.5885416865348816, 0.5416666865348816, 0.5, 0.4583333432674408, 0.4791666567325592, 0.4739583432674408, 0.5416666865348816, 0.5364583134651184, 0.4270833432674408]}