{"loss": [0.763609766960144, 0.6926406621932983, 0.6895161271095276, 0.6827588081359863, 0.679084300994873, 0.6784530878067017, 0.6655540466308594, 0.6671668887138367, 0.6577855944633484, 0.6694996953010559, 0.657525897026062, 0.6479209661483765, 0.651875913143158, 0.6431520581245422, 0.649741530418396, 0.6390985250473022, 0.6454622745513916, 0.6316410899162292, 0.6325718760490417, 0.6373030543327332], "binary_accuracy": [0.5018017888069153, 0.5369369387626648, 0.5369369387626648, 0.5810810923576355, 0.5882883071899414, 0.5648648738861084, 0.607207179069519, 0.592792809009552, 0.6135135293006897, 0.5900900959968567, 0.614414393901825, 0.6189188957214355, 0.6081081032752991, 0.6252252459526062, 0.6171171069145203, 0.6360360383987427, 0.6135135293006897, 0.6441441178321838, 0.6333333253860474, 0.637837827205658], "val_loss": [0.6927816867828369], "val_binary_accuracy": [0.5307692289352417]}