{"loss": [0.718410074710846, 0.6466836333274841, 0.6123574376106262, 0.6258335113525391, 0.5947023630142212, 0.599346935749054, 0.6036986708641052, 0.60044926404953, 0.6091538667678833, 0.5924531817436218, 0.6091359257698059, 0.6116581559181213, 0.5916149616241455, 0.6142218112945557, 0.597481369972229, 0.5843048691749573, 0.5771334171295166, 0.6197202205657959, 0.6028475761413574, 0.5859925150871277], "binary_accuracy": [0.5718749761581421, 0.609375, 0.6343749761581421, 0.625, 0.6484375, 0.6418152451515198, 0.660937488079071, 0.660937488079071, 0.6312500238418579, 0.668749988079071, 0.671875, 0.6546875238418579, 0.653124988079071, 0.628125011920929, 0.643750011920929, 0.6703125238418579, 0.667187511920929, 0.6421874761581421, 0.65625, 0.6625000238418579], "val_loss": [0.6762579679489136], "val_binary_accuracy": [0.580777108669281]}