{"loss": [0.8811367154121399, 0.6935758590698242, 0.6931779384613037, 0.6933104991912842, 0.6933136582374573, 0.693245530128479, 0.6926671862602234, 0.6938885450363159, 0.6926665306091309, 0.6935856938362122, 0.6934947371482849, 0.6938864588737488, 0.6926631927490234, 0.6917791366577148, 0.6922330260276794, 0.6897445321083069, 0.6846301555633545, 0.6940531134605408, 0.6920920014381409, 0.6941362023353577], "binary_accuracy": [0.5089285969734192, 0.49642857909202576, 0.5035714507102966, 0.4892857074737549, 0.4982142746448517, 0.5053571462631226, 0.5258928537368774, 0.4892857074737549, 0.5230769515037537, 0.4928571283817291, 0.48303571343421936, 0.4883928596973419, 0.5294643044471741, 0.5133928656578064, 0.53125, 0.5455357432365417, 0.5642856955528259, 0.5053571462631226, 0.5223214030265808, 0.4839285612106323], "val_loss": [0.6943786144256592], "val_binary_accuracy": [0.44418051838874817]}