{"loss": [0.7396369576454163], "binary_accuracy": [0.4794759750366211], "val_loss": [0.6894087791442871], "val_binary_accuracy": [0.5039370059967041]}