{"loss": [0.7407041788101196, 0.7098187208175659, 0.713843822479248, 0.6819964647293091, 0.6807451844215393, 0.6795576810836792, 0.6798346042633057, 0.6755505800247192, 0.6794257760047913, 0.6925316452980042, 0.6706119775772095, 0.6698877811431885, 0.6751976013183594, 0.6782104969024658, 0.683197021484375, 0.6921713948249817, 0.6730855107307434, 0.6761398315429688, 0.6555127501487732, 0.6777898073196411], "binary_accuracy": [0.5399515628814697, 0.526442289352417, 0.5405569076538086, 0.5823317170143127, 0.5757211446762085, 0.5727163553237915, 0.573317289352417, 0.5792978405952454, 0.5697115659713745, 0.5564903616905212, 0.5974576473236084, 0.6029055714607239, 0.6016949415206909, 0.5763221383094788, 0.5853365659713745, 0.5564903616905212, 0.590745210647583, 0.5661057829856873, 0.6162227392196655, 0.581129789352417], "val_loss": [0.6745221018791199, 0.6590422987937927, 0.6690778136253357, 0.6587250828742981, 0.656013011932373, 0.6785531044006348, 0.6518020629882812, 0.6617470383644104, 0.6590694785118103, 0.6546124219894409, 0.6498441100120544, 0.6306944489479065, 0.643815815448761, 0.6537938714027405, 0.6790180802345276, 0.6560323238372803, 0.653020441532135, 0.6140074133872986, 0.6489841938018799, 0.6589608788490295], "val_binary_accuracy": [0.59375, 0.625, 0.59375, 0.625, 0.5989583134651184, 0.5833333134651184, 0.609375, 0.578125, 0.6145833134651184, 0.6145833134651184, 0.6145833134651184, 0.65625, 0.6041666865348816, 0.5989583134651184, 0.5572916865348816, 0.6145833134651184, 0.6458333134651184, 0.640625, 0.609375, 0.625]}