{"loss": [0.7680743932723999, 0.5611984729766846, 0.5960865020751953, 0.5774831771850586, 0.6046195030212402, 0.5835596919059753, 0.5810689926147461, 0.5504094958305359], "binary_accuracy": [0.71875, 0.7578125, 0.7281249761581421, 0.7359374761581421, 0.7109375, 0.7171875238418579, 0.7250000238418579, 0.7359374761581421], "val_loss": [0.646140456199646, 0.5936997532844543, 0.5645487904548645, 0.5635858774185181, 0.5875511169433594, 0.5903255939483643, 0.5756017565727234, 0.5720963478088379], "val_binary_accuracy": [0.7601410746574402, 0.7601410746574402, 0.7601410746574402, 0.7601410746574402, 0.7601410746574402, 0.7601410746574402, 0.7601410746574402, 0.7601410746574402]}