{"loss": [0.7000902891159058, 0.6781790256500244, 0.675041139125824, 0.6701017022132874, 0.668449342250824, 0.6596076488494873, 0.6676265001296997, 0.6629448533058167, 0.6525229811668396, 0.6554098725318909], "binary_accuracy": [0.5888417363166809, 0.6106731295585632, 0.6246209740638733, 0.6161310076713562, 0.6276531219482422, 0.63371741771698, 0.6318981051445007, 0.6306852698326111, 0.6391752362251282, 0.6391752362251282], "val_loss": [0.6678928136825562, 0.6570848822593689, 0.6572325229644775, 0.6599687337875366, 0.6597321033477783, 0.6839516162872314, 0.6710286736488342, 0.6596973538398743, 0.6610276699066162, 0.6679005026817322], "val_binary_accuracy": [0.625, 0.625, 0.625, 0.625, 0.625, 0.6306818127632141, 0.625, 0.625, 0.625, 0.625]}