{"loss": [0.73923259973526, 0.6672341227531433, 0.6553241610527039, 0.6569133400917053, 0.6505811810493469, 0.6514788866043091, 0.6499503254890442, 0.6433645486831665, 0.645730197429657, 0.6452980041503906, 0.64476478099823, 0.6534755825996399, 0.6453860402107239, 0.6418485641479492, 0.6454187035560608, 0.647754430770874, 0.6417582631111145, 0.6384942531585693, 0.6313856244087219, 0.6312952637672424], "binary_accuracy": [0.6049270033836365, 0.6258928775787354, 0.6366071701049805, 0.6419642567634583, 0.6332116723060608, 0.6268247961997986, 0.6321428418159485, 0.6478102207183838, 0.639598548412323, 0.6432482004165649, 0.6341241002082825, 0.6286496520042419, 0.637499988079071, 0.6459854245185852, 0.6482142806053162, 0.6499999761581421, 0.6473214030265808, 0.6383928656578064, 0.6605839133262634, 0.6544643044471741], "val_loss": [0.6754399538040161], "val_binary_accuracy": [0.6432432532310486]}