{"loss": [0.7271503806114197, 0.7080163359642029, 0.700095534324646, 0.689539909362793, 0.682135283946991, 0.6891104578971863, 0.6829150319099426, 0.6919177174568176, 0.6887582540512085, 0.6867398619651794, 0.6772953271865845, 0.6717015504837036, 0.682230532169342, 0.6756176352500916, 0.6774241924285889, 0.6846914887428284, 0.6761965751647949, 0.6835346221923828, 0.6794751882553101, 0.6842977404594421], "binary_accuracy": [0.5228365659713745, 0.5427711009979248, 0.565504789352417, 0.5698795318603516, 0.5656626224517822, 0.5536144375801086, 0.5620481967926025, 0.5492788553237915, 0.551682710647583, 0.5462740659713745, 0.5799278616905212, 0.5913461446762085, 0.5823317170143127, 0.567307710647583, 0.5632529854774475, 0.5582932829856873, 0.5951807498931885, 0.5588942170143127, 0.5564903616905212, 0.5620481967926025], "val_loss": [0.6797013282775879, 0.6294670104980469, 0.6236275434494019, 0.6172425150871277, 0.6390262246131897, 0.6513647437095642, 0.6214290261268616, 0.6100569367408752, 0.6227962970733643, 0.6376926302909851, 0.6277681589126587, 0.6366441249847412, 0.6377339959144592, 0.6168134212493896, 0.6374838948249817, 0.6069848537445068, 0.6532166600227356, 0.6265462040901184, 0.6439926624298096, 0.6113224029541016], "val_binary_accuracy": [0.703125, 0.7291666865348816, 0.6875, 0.7395833134651184, 0.7239583134651184, 0.75, 0.7291666865348816, 0.734375, 0.71875, 0.6979166865348816, 0.71875, 0.7291666865348816, 0.7083333134651184, 0.71875, 0.7135416865348816, 0.734375, 0.75, 0.6822916865348816, 0.6979166865348816, 0.7291666865348816]}