{"loss": [0.8291981816291809, 0.6660323143005371, 0.6656856536865234, 0.6834844350814819, 0.6519121527671814, 0.65338134765625, 0.6581699848175049, 0.630906343460083, 0.6667217016220093, 0.6672395467758179, 0.6571539640426636, 0.6515172719955444, 0.6520100235939026], "binary_accuracy": [0.5218750238418579, 0.6187499761581421, 0.582812488079071, 0.5859375, 0.609375, 0.6078125238418579, 0.6078125238418579, 0.637499988079071, 0.6187499761581421, 0.6187499761581421, 0.606249988079071, 0.6000000238418579, 0.6031249761581421], "val_loss": [0.6883213520050049, 0.6871641874313354, 0.6714727878570557, 0.6742405295372009, 0.6632170677185059, 0.6556525826454163, 0.6728557348251343, 0.6535546183586121, 0.6490885019302368, 0.6768704652786255, 0.6583549976348877, 0.6628925800323486, 0.6677385568618774], "val_binary_accuracy": [0.5503472089767456, 0.5451388955116272, 0.5642361044883728, 0.5815972089767456, 0.5590277910232544, 0.5677083134651184, 0.5642361044883728, 0.5885416865348816, 0.5763888955116272, 0.5642361044883728, 0.5694444179534912, 0.5729166865348816, 0.5694444179534912]}